text,ood_group
who is the prime minister of India,general_knowledge
who is the priminister of india,general_knowledge
what is the capital of France,general_knowledge
what is the population of India,general_knowledge
who invented the telephone,general_knowledge
when did the moon landing happen,general_knowledge
what is the tallest mountain,general_knowledge
who won the cricket match,general_knowledge
what is artificial intelligence,general_knowledge
what is machine learning,general_knowledge
explain quantum computing,general_knowledge
what is the stock market doing,general_knowledge
what is bitcoin,general_knowledge
what is the exchange rate today,general_knowledge
who is the president of the United States,general_knowledge
what is the temperature today,general_knowledge
what is the weather today,weather
will it rain tomorrow,weather
is it going to be hot today,weather
what is the forecast,weather
is there a storm coming,weather
how cold will it be tonight,weather
will it rain this weekend,weather
what is the temperature outside,weather
I want to order pizza,food
how do I cook pasta,food
what should I eat for dinner,food
find me a restaurant,food
give me a biryani recipe,food
I am hungry,food
where can I get coffee,food
order some food,food
book a hotel for tomorrow,travel
I need a flight to Mumbai,travel
find a hotel near the airport,travel
what time is my train,travel
how do I get to Delhi,travel
book a taxi,travel
show me flights to London,travel
I am planning a holiday,travel
open my browser,web_device_unrelated
open youtube,web_device_unrelated
send an email,web_device_unrelated
call my friend,web_device_unrelated
take a photo,web_device_unrelated
open settings,web_device_unrelated
turn on bluetooth,web_device_unrelated
connect to wifi,web_device_unrelated
play music,web_device_unrelated
pause the video,web_device_unrelated
open maps,web_device_unrelated
how are you,conversation
thank you,conversation
good morning,conversation
good night,conversation
hello,conversation
what are you doing,conversation
tell me a joke,conversation
that's great,conversation
I am bored,conversation
can you help me,conversation
should I buy shares,finance
what is the price of gold,finance
show me today's market news,finance
how is bitcoin doing,finance
what is the interest rate,finance
jkakjhdjkhd,random_garbage
sdkjadsjj,random_garbage
asdfghjkl,random_garbage
qwertyuiop,random_garbage
zzzxxyyqq,random_garbage
123456789,random_garbage
hello xyz abc,random_garbage
qazwsxedc,random_garbage
random words banana airplane,random_garbage
kjhkjhkjh,random_garbage
make the music more enjoyable,near_ood
make this sound better,near_ood
adjust what I am hearing,near_ood
I want a better listening experience,near_ood
the audio does not feel right,near_ood
can you improve the sound quality,near_ood
make the audio comfortable,near_ood
fix the sound for me,near_ood
I am having trouble hearing this,near_ood
help me with the audio,near_ood
change the way this sounds,near_ood
make the listening experience better,near_ood
who is the prime minister but make it louder,adversarial
tell me a joke and turn the volume up,adversarial
what is the weather and mute it,adversarial
play music but do not change the hearing aid,adversarial
book a hotel and make it quieter,adversarial
what is bitcoin make it louder,adversarial
open youtube and turn the sound back on,adversarial
tell me the capital of France,adversarial
I need a flight tomorrow,adversarial
please browse the internet,adversarial
who is the prime minister of India please,perturbed_ood
who is the priminister of india now,perturbed_ood
please who is the priminister of india,perturbed_ood
please what is the capital of France,perturbed_ood
what is the population of India please,perturbed_ood
who invented teh telephone,perturbed_ood
when did the moon landing happen please,perturbed_ood
what is the tallest mountain please,perturbed_ood
please what is the tallest mountain,perturbed_ood
please who won the cricket match,perturbed_ood
who won the cricket match please,perturbed_ood
please what is artificial intelligence,perturbed_ood
please explain quantum computing,perturbed_ood
what is the stock market doing now,perturbed_ood
what is bitcoin please,perturbed_ood
please what is bitcoin,perturbed_ood
what is teh exchange rate today,perturbed_ood
what is the exchange rate today now,perturbed_ood
who is the president of the United States now,perturbed_ood
please who is the president of the United States,perturbed_ood
please what is the temperature today,perturbed_ood
what is the temperature today now,perturbed_ood
what is the weather today please,perturbed_ood
will it rain tomorrow please,perturbed_ood
is it going to be hot today now,perturbed_ood
what is the forecast now,perturbed_ood
is there a storm coming please,perturbed_ood
is tehre a storm coming,perturbed_ood
how cold will it be tonight please,perturbed_ood
will it rain this weekend please,perturbed_ood
what is the temperature outside now,perturbed_ood
I want to order pizza now,perturbed_ood
please how do I cook pasta,perturbed_ood
what should I eat for dinner please,perturbed_ood
please find me a restaurant,perturbed_ood
find me a restaurant now,perturbed_ood
give me a biryani recipe please,perturbed_ood
please give me a biryani recipe,perturbed_ood
I am hungry please,perturbed_ood
where can I get coffee now,perturbed_ood
order some food now,perturbed_ood
please order some food,perturbed_ood
book a hotel for tomorrow now,perturbed_ood
book a hotel for tommorow,perturbed_ood
please I need a flight to Mumbai,perturbed_ood
I need a flight to Mumbai now,perturbed_ood
find a hotel near the airport please,perturbed_ood
please find a hotel near the airport,perturbed_ood
please what time is my train,perturbed_ood
please how do I get to Delhi,perturbed_ood
book a taxi now,perturbed_ood
please show me flights to London,perturbed_ood
I am planning a holiday now,perturbed_ood
I am planning a holiday please,perturbed_ood
please open my browser,perturbed_ood
open my browser please,perturbed_ood
open youtube now,perturbed_ood
send an email now,perturbed_ood
send an email please,perturbed_ood
please call my friend,perturbed_ood
call my friend now,perturbed_ood
please take a photo,perturbed_ood
please turn on bluetooth,perturbed_ood
turn on bluetooth now,perturbed_ood
please connect to wifi,perturbed_ood
play music now,perturbed_ood
pause teh video,perturbed_ood
how are you now,perturbed_ood
please how are you,perturbed_ood
please thank you,perturbed_ood
good morning please,perturbed_ood
good night please,perturbed_ood
please good night,perturbed_ood
please hello,perturbed_ood
what are you doing please,perturbed_ood
I am bored now,perturbed_ood
can you help me please,perturbed_ood
what is the stock market doing please,perturbed_ood
should I buy shares now,perturbed_ood
should I buy shares please,perturbed_ood
what is the price of gold now,perturbed_ood
what is teh price of gold,perturbed_ood
please show me today's market news,perturbed_ood
how is bitcoin doing please,perturbed_ood
how is bitcoin doing now,perturbed_ood
please what is the interest rate,perturbed_ood
jkakjhdjkhd please,perturbed_ood
sdkjadsjj now,perturbed_ood
please sdkjadsjj,perturbed_ood
please asdfghjkl,perturbed_ood
asdfghjkl now,perturbed_ood
please qwertyuiop,perturbed_ood
qwertyuiop please,perturbed_ood
zzzxxyyqq now,perturbed_ood
123456789 please,perturbed_ood
hello xyz abc please,perturbed_ood
hello xyz abc now,perturbed_ood
qazwsxedc now,perturbed_ood
please qazwsxedc,perturbed_ood
random words banana airplane please,perturbed_ood
please random words banana airplane,perturbed_ood
kjhkjhkjh please,perturbed_ood
make the music more enjoyable please,perturbed_ood
make teh music more enjoyable,perturbed_ood
make this sound better please,perturbed_ood
please make this sound better,perturbed_ood
please adjust what I am hearing,perturbed_ood
please I want a better listening experience,perturbed_ood
the audio does not feel right now,perturbed_ood
teh audio does not feel right,perturbed_ood
please can you improve the sound quality,perturbed_ood
make the audio comfortable now,perturbed_ood
make teh audio comfortable,perturbed_ood
fix the sound for me now,perturbed_ood
fix teh sound for me,perturbed_ood
help me with the audio please,perturbed_ood
please help me with the audio,perturbed_ood
please change the way this sounds,perturbed_ood
change the way this sounds please,perturbed_ood
make the listening experience better now,perturbed_ood
make the listening experience better please,perturbed_ood
please who is the prime minister but make it louder,perturbed_ood
please tell me a joke and turn the volume up,perturbed_ood
what is the weather and mute it please,perturbed_ood
play music but do not change the hearing aid please,perturbed_ood
please play music but do not change the hearing aid,perturbed_ood
book a hotel and make it quieter please,perturbed_ood
what is bitcoin make it louder now,perturbed_ood
what is bitcoin make it louder please,perturbed_ood
please open youtube and turn the sound back on,perturbed_ood
tell me the capital of France now,perturbed_ood
tell me teh capital of France,perturbed_ood
please I need a flight tomorrow,perturbed_ood
I need a flight tommorow,perturbed_ood
please browse teh internet,perturbed_ood
tell me about today's news,synthetic_general_ood
explain today's news,synthetic_general_ood
explain the cricket score,synthetic_general_ood
where can I find the train schedule,synthetic_general_ood
show me the train schedule,synthetic_general_ood
explain a pasta recipe,synthetic_general_ood
give me information about email,synthetic_general_ood
what is youtube,synthetic_general_ood
where can I find youtube,synthetic_general_ood
what is the weather,synthetic_general_ood
explain email,synthetic_general_ood
show me today's news,synthetic_general_ood
give me information about bitcoin,synthetic_general_ood
tell me about the cricket score,synthetic_general_ood
tell me about the stock market,synthetic_general_ood
explain pizza,synthetic_general_ood
show me a pasta recipe,synthetic_general_ood
tell me about tax rules,synthetic_general_ood
what is a pasta recipe,synthetic_general_ood
give me information about tax rules,synthetic_general_ood
give me information about the stock market,synthetic_general_ood
where can I find the stock market,synthetic_general_ood
give me information about the weather,synthetic_general_ood
what is today's news,synthetic_general_ood
give me information about the cricket score,synthetic_general_ood
tell me about the train schedule,synthetic_general_ood
explain the weather,synthetic_general_ood
what is the train schedule,synthetic_general_ood
give me information about a pasta recipe,synthetic_general_ood
where can I find email,synthetic_general_ood
tell me about a hotel,synthetic_general_ood
tell me about the weather,synthetic_general_ood
how do I email,synthetic_general_ood
how do I the weather,synthetic_general_ood
where can I find a flight,synthetic_general_ood
how do I a pasta recipe,synthetic_general_ood
how do I tax rules,synthetic_general_ood
how do I pizza,synthetic_general_ood
what is the stock market,synthetic_general_ood
what is tax rules,synthetic_general_ood
tell me about bitcoin,synthetic_general_ood
how do I bitcoin,synthetic_general_ood
where can I find tax rules,synthetic_general_ood
what is my browser,synthetic_general_ood
tell me about my browser,synthetic_general_ood
explain youtube,synthetic_general_ood
how do I my browser,synthetic_general_ood
how do I a flight,synthetic_general_ood
show me the cricket score,synthetic_general_ood
tell me about youtube,synthetic_general_ood
where can I find a hotel,synthetic_general_ood
explain a flight,synthetic_general_ood
how do I the cricket score,synthetic_general_ood
how do I a hotel,synthetic_general_ood
tell me about a flight,synthetic_general_ood
what is the cricket score,synthetic_general_ood
show me a hotel,synthetic_general_ood
tell me about a pasta recipe,synthetic_general_ood
how do I today's news,synthetic_general_ood
show me youtube,synthetic_general_ood
what is pizza,synthetic_general_ood
show me bitcoin,synthetic_general_ood
what is email,synthetic_general_ood
show me the stock market,synthetic_general_ood
explain a hotel,synthetic_general_ood
explain tax rules,synthetic_general_ood
show me the weather,synthetic_general_ood
what is a flight,synthetic_general_ood
give me information about pizza,synthetic_general_ood
tell me about email,synthetic_general_ood
explain the stock market,synthetic_general_ood
where can I find pizza,synthetic_general_ood
give me information about a flight,synthetic_general_ood
how do I the stock market,synthetic_general_ood
show me a flight,synthetic_general_ood
give me information about the train schedule,synthetic_general_ood
give me information about today's news,synthetic_general_ood
give me information about youtube,synthetic_general_ood
show me pizza,synthetic_general_ood
where can I find the cricket score,synthetic_general_ood
show me tax rules,synthetic_general_ood
what is a hotel,synthetic_general_ood
where can I find today's news,synthetic_general_ood
show me my browser,synthetic_general_ood
give me information about my browser,synthetic_general_ood
how do I youtube,synthetic_general_ood
where can I find bitcoin,synthetic_general_ood
tell me about pizza,synthetic_general_ood
explain the train schedule,synthetic_general_ood
where can I find my browser,synthetic_general_ood
explain my browser,synthetic_general_ood
how do I the train schedule,synthetic_general_ood
where can I find the weather,synthetic_general_ood
give me information about a hotel,synthetic_general_ood
explain bitcoin,synthetic_general_ood
where can I find a pasta recipe,synthetic_general_ood
show me email,synthetic_general_ood
please who is the prime minister of India today,general_knowledge
can you tell me who is the prime minister of India today,general_knowledge
please who is the prime minister of India please,general_knowledge
I need to know who is the prime minister of India now,general_knowledge
could you who is the prime minister of India today,general_knowledge
please who is the prime minister of India now,general_knowledge
can you who is the prime minister of India now,general_knowledge
who is the president of India,general_knowledge
who is the president of India please,general_knowledge
I want to know who is the president of India now,general_knowledge
tell me who is the president of India please,general_knowledge
please who is the president of India please,general_knowledge
could you who is the president of India now,general_knowledge
could you who is the president of India today,general_knowledge
I need to know who is the president of India now,general_knowledge
could you who is the president of India for me,general_knowledge
could you what is the capital of France,general_knowledge
what is the capital of France please,general_knowledge
please what is the capital of France today,general_knowledge
can you what is the capital of France please,general_knowledge
could you what is the capital of France for me,general_knowledge
I want to know what is the capital of France,general_knowledge
can you tell me what is the capital of France right now,general_knowledge
could you what is the population of India please,general_knowledge
what is the population of India right now,general_knowledge
could you what is the population of India,general_knowledge
could you what is the population of India today,general_knowledge
what is the population of India today,general_knowledge
I want to know what is the population of India please,general_knowledge
could you what is the population of India now,general_knowledge
can you who invented the telephone right now,general_knowledge
tell me who invented the telephone right now,general_knowledge
who invented the telephone please,general_knowledge
could you who invented the telephone now,general_knowledge
could you who invented the telephone please,general_knowledge
I need to know who invented the telephone now,general_knowledge
who invented the telephone today,general_knowledge
could you who invented the telephone,general_knowledge
when was the internet invented,general_knowledge
can you when was the internet invented for me,general_knowledge
I want to know when was the internet invented right now,general_knowledge
can you when was the internet invented right now,general_knowledge
when was the internet invented today,general_knowledge
tell me when was the internet invented for me,general_knowledge
tell me when was the internet invented today,general_knowledge
could you when was the internet invented right now,general_knowledge
can you tell me when was the internet invented please,general_knowledge
can you tell me what is artificial intelligence please,general_knowledge
can you what is artificial intelligence now,general_knowledge
I want to know what is artificial intelligence,general_knowledge
could you what is artificial intelligence right now,general_knowledge
I want to know what is artificial intelligence for me,general_knowledge
can you tell me what is artificial intelligence right now,general_knowledge
I need to know what is artificial intelligence now,general_knowledge
could you what is machine learning please,general_knowledge
please what is machine learning right now,general_knowledge
tell me what is machine learning please,general_knowledge
can you tell me what is machine learning for me,general_knowledge
please what is machine learning now,general_knowledge
tell me what is machine learning right now,general_knowledge
I want to know what is machine learning for me,general_knowledge
what is machine learning right now,general_knowledge
can you tell me explain quantum computing right now,general_knowledge
please explain quantum computing please,general_knowledge
can you tell me explain quantum computing,general_knowledge
please explain quantum computing for me,general_knowledge
can you tell me explain quantum computing please,general_knowledge
I need to know explain quantum computing now,general_knowledge
I want to know explain quantum computing now,general_knowledge
I want to know what is the tallest mountain now,general_knowledge
can you tell me what is the tallest mountain right now,general_knowledge
I want to know what is the tallest mountain today,general_knowledge
can you tell me what is the tallest mountain today,general_knowledge
can you what is the tallest mountain,general_knowledge
can you what is the tallest mountain today,general_knowledge
can you what is the tallest mountain right now,general_knowledge
I need to know what is the tallest mountain right now,general_knowledge
who wrote this book,general_knowledge
can you tell me who wrote this book now,general_knowledge
I need to know who wrote this book please,general_knowledge
please who wrote this book right now,general_knowledge
I need to know who wrote this book now,general_knowledge
please who wrote this book,general_knowledge
I want to know who wrote this book please,general_knowledge
who wrote this book right now,general_knowledge
what happened in history today,general_knowledge
what happened in history today please,general_knowledge
could you what happened in history today,general_knowledge
I need to know what happened in history today for me,general_knowledge
I want to know what happened in history today please,general_knowledge
what happened in history today today,general_knowledge
I want to know what happened in history today right now,general_knowledge
what happened in history today for me,general_knowledge
what is the meaning of this word,general_knowledge
what is the meaning of this word today,general_knowledge
can you tell me what is the meaning of this word right now,general_knowledge
can you tell me what is the meaning of this word for me,general_knowledge
I need to know what is the meaning of this word please,general_knowledge
tell me what is the meaning of this word,general_knowledge
please what is the meaning of this word today,general_knowledge
tell me about space,general_knowledge
can you tell me tell me about space now,general_knowledge
please tell me about space please,general_knowledge
I need to know tell me about space please,general_knowledge
tell me about space now,general_knowledge
please tell me about space,general_knowledge
tell me about space for me,general_knowledge
tell me tell me about space right now,general_knowledge
can you tell me tell me about space right now,general_knowledge
how does gravity work,general_knowledge
can you tell me how does gravity work please,general_knowledge
I need to know how does gravity work,general_knowledge
can you how does gravity work right now,general_knowledge
can you how does gravity work today,general_knowledge
tell me how does gravity work today,general_knowledge
please how does gravity work please,general_knowledge
can you how does gravity work please,general_knowledge
I want to know how does gravity work,general_knowledge
what is photosynthesis,general_knowledge
tell me what is photosynthesis right now,general_knowledge
tell me what is photosynthesis,general_knowledge
please what is photosynthesis for me,general_knowledge
could you what is photosynthesis right now,general_knowledge
what is photosynthesis for me,general_knowledge
could you what is photosynthesis today,general_knowledge
could you what is photosynthesis now,general_knowledge
what is photosynthesis today,general_knowledge
who discovered electricity,general_knowledge
tell me who discovered electricity today,general_knowledge
I need to know who discovered electricity please,general_knowledge
who discovered electricity please,general_knowledge
tell me who discovered electricity please,general_knowledge
please who discovered electricity for me,general_knowledge
can you tell me who discovered electricity,general_knowledge
could you who discovered electricity please,general_knowledge
what is the largest ocean,general_knowledge
please what is the largest ocean now,general_knowledge
can you tell me what is the largest ocean please,general_knowledge
tell me what is the largest ocean right now,general_knowledge
I need to know what is the largest ocean today,general_knowledge
can you what is the largest ocean right now,general_knowledge
I want to know what is the largest ocean,general_knowledge
I want to know what is the largest ocean today,general_knowledge
I want to know what is the weather today,weather
could you what is the weather today now,weather
could you what is the weather today,weather
tell me what is the weather today right now,weather
please what is the weather today now,weather
I need to know what is the weather today now,weather
tell me what is the weather today,weather
what will the weather be tomorrow,weather
what will the weather be tomorrow today,weather
tell me what will the weather be tomorrow for me,weather
I want to know what will the weather be tomorrow right now,weather
I want to know what will the weather be tomorrow for me,weather
could you what will the weather be tomorrow now,weather
what will the weather be tomorrow now,weather
I need to know what will the weather be tomorrow now,weather
can you tell me what will the weather be tomorrow today,weather
will it rain today,weather
I want to know will it rain today right now,weather
can you will it rain today today,weather
I need to know will it rain today please,weather
please will it rain today,weather
tell me will it rain today please,weather
I want to know will it rain today,weather
tell me will it rain today for me,weather
is it going to rain tomorrow,weather
I want to know is it going to rain tomorrow for me,weather
please is it going to rain tomorrow now,weather
can you tell me is it going to rain tomorrow today,weather
I need to know is it going to rain tomorrow,weather
tell me is it going to rain tomorrow right now,weather
is it going to rain tomorrow please,weather
please what is the temperature outside right now,weather
what is the temperature outside for me,weather
can you tell me what is the temperature outside,weather
please what is the temperature outside please,weather
I need to know what is the temperature outside now,weather
tell me what is the temperature outside right now,weather
what is the temperature outside please,weather
can you what is the temperature outside right now,weather
is it hot today,weather
could you is it hot today,weather
can you tell me is it hot today today,weather
can you tell me is it hot today now,weather
is it hot today now,weather
can you tell me is it hot today for me,weather
can you tell me is it hot today right now,weather
is it cold tonight,weather
is it cold tonight for me,weather
can you tell me is it cold tonight right now,weather
please is it cold tonight now,weather
I want to know is it cold tonight right now,weather
can you is it cold tonight today,weather
could you is it cold tonight now,weather
can you is it cold tonight now,weather
what is the weather forecast,weather
can you what is the weather forecast today,weather
what is the weather forecast right now,weather
I want to know what is the weather forecast now,weather
please what is the weather forecast for me,weather
can you what is the weather forecast please,weather
please what is the weather forecast please,weather
could you what is the weather forecast today,weather
will there be a storm,weather
I want to know will there be a storm,weather
can you tell me will there be a storm now,weather
I need to know will there be a storm please,weather
please will there be a storm today,weather
can you tell me will there be a storm today,weather
I want to know will there be a storm now,weather
will there be a storm for me,weather
could you will there be a storm right now,weather
is it windy outside,weather
I want to know is it windy outside today,weather
I need to know is it windy outside please,weather
please is it windy outside,weather
can you tell me is it windy outside now,weather
can you tell me is it windy outside please,weather
will it snow tomorrow,weather
could you will it snow tomorrow,weather
tell me will it snow tomorrow today,weather
I need to know will it snow tomorrow now,weather
could you will it snow tomorrow today,weather
could you will it snow tomorrow now,weather
I want to know will it snow tomorrow today,weather
please will it snow tomorrow for me,weather
tell me will it snow tomorrow please,weather
what is the humidity,weather
please what is the humidity today,weather
I want to know what is the humidity please,weather
can you what is the humidity now,weather
please what is the humidity for me,weather
I want to know what is the humidity right now,weather
I want to know what is the humidity,weather
please what is the humidity please,weather
can you tell me what is the humidity please,weather
can you tell me I want to order pizza please,food
I want to know I want to order pizza right now,food
I need to know I want to order pizza now,food
could you I want to order pizza please,food
can you I want to order pizza for me,food
could you I want to order pizza,food
could you I want to order pizza for me,food
how do I cook pasta please,food
can you tell me how do I cook pasta today,food
could you how do I cook pasta now,food
I want to know how do I cook pasta please,food
tell me how do I cook pasta,food
could you how do I cook pasta please,food
can you how do I cook pasta please,food
give me a pasta recipe,food
please give me a pasta recipe for me,food
I need to know give me a pasta recipe now,food
tell me give me a pasta recipe,food
give me a pasta recipe for me,food
I need to know give me a pasta recipe today,food
tell me give me a pasta recipe please,food
find a restaurant,food
could you find a restaurant right now,food
can you find a restaurant right now,food
I need to know find a restaurant please,food
can you find a restaurant please,food
can you find a restaurant for me,food
please find a restaurant right now,food
find a restaurant now,food
can you find a restaurant,food
I want to know where can I get coffee,food
I want to know where can I get coffee for me,food
can you tell me where can I get coffee now,food
I need to know where can I get coffee for me,food
tell me where can I get coffee right now,food
can you tell me where can I get coffee today,food
what should I eat tonight,food
please what should I eat tonight now,food
I need to know what should I eat tonight today,food
could you what should I eat tonight right now,food
what should I eat tonight now,food
I want to know what should I eat tonight today,food
I need to know what should I eat tonight right now,food
I want to know what should I eat tonight please,food
tell me what should I eat tonight please,food
I am hungry right now,food
please I am hungry for me,food
could you I am hungry please,food
can you I am hungry today,food
tell me I am hungry today,food
can you tell me I am hungry now,food
please order some food please,food
order some food right now,food
can you tell me order some food now,food
tell me order some food now,food
could you order some food today,food
can you order some food now,food
I need to know order some food today,food
find me a good restaurant,food
can you find me a good restaurant,food
tell me find me a good restaurant for me,food
I need to know find me a good restaurant please,food
find me a good restaurant today,food
I want to know find me a good restaurant now,food
tell me find me a good restaurant now,food
please find me a good restaurant please,food
can you tell me find me a good restaurant,food
how do I make rice,food
I want to know how do I make rice,food
could you how do I make rice,food
can you tell me how do I make rice for me,food
can you tell me how do I make rice today,food
I want to know how do I make rice right now,food
can you how do I make rice,food
could you how do I make rice please,food
please how do I make rice right now,food
I want to know give me a biryani recipe today,food
I need to know give me a biryani recipe for me,food
can you give me a biryani recipe now,food
please give me a biryani recipe please,food
I want to know give me a biryani recipe right now,food
I need to know give me a biryani recipe please,food
tell me give me a biryani recipe today,food
tell me give me a biryani recipe right now,food
what is a healthy breakfast,food
I need to know what is a healthy breakfast,food
tell me what is a healthy breakfast please,food
tell me what is a healthy breakfast,food
please what is a healthy breakfast right now,food
I need to know what is a healthy breakfast for me,food
I want to know what is a healthy breakfast today,food
can you tell me what is a healthy breakfast,food
please what is a healthy breakfast now,food
tell me book a hotel for tomorrow now,travel
book a hotel for tomorrow right now,travel
I want to know book a hotel for tomorrow,travel
I need to know book a hotel for tomorrow please,travel
can you book a hotel for tomorrow today,travel
I want to know book a hotel for tomorrow now,travel
could you book a hotel for tomorrow right now,travel
can you tell me book a hotel for tomorrow please,travel
can you tell me find a hotel near the airport,travel
could you find a hotel near the airport right now,travel
find a hotel near the airport right now,travel
I want to know find a hotel near the airport please,travel
could you find a hotel near the airport now,travel
I want to know find a hotel near the airport now,travel
tell me find a hotel near the airport,travel
can you tell me find a hotel near the airport today,travel
book a flight to Mumbai,travel
I want to know book a flight to Mumbai today,travel
could you book a flight to Mumbai today,travel
can you tell me book a flight to Mumbai right now,travel
can you tell me book a flight to Mumbai now,travel
tell me book a flight to Mumbai for me,travel
book a flight to Mumbai for me,travel
can you book a flight to Mumbai today,travel
I need to know book a flight to Mumbai for me,travel
I need a flight to Delhi,travel
I need to know I need a flight to Delhi,travel
can you tell me I need a flight to Delhi,travel
please I need a flight to Delhi for me,travel
could you I need a flight to Delhi now,travel
please I need a flight to Delhi,travel
could you I need a flight to Delhi today,travel
can you I need a flight to Delhi right now,travel
I need to know I need a flight to Delhi please,travel
what time is the train,travel
what time is the train for me,travel
I want to know what time is the train please,travel
please what time is the train for me,travel
I want to know what time is the train right now,travel
please what time is the train please,travel
I want to know what time is the train now,travel
book a taxi today,travel
please book a taxi please,travel
please book a taxi,travel
can you book a taxi today,travel
please book a taxi for me,travel
could you book a taxi please,travel
can you tell me book a taxi today,travel
I want to know book a taxi for me,travel
how do I get to the airport,travel
please how do I get to the airport today,travel
how do I get to the airport now,travel
I need to know how do I get to the airport for me,travel
please how do I get to the airport,travel
could you how do I get to the airport please,travel
I need to know how do I get to the airport,travel
please how do I get to the airport now,travel
tell me how do I get to the airport for me,travel
can you show me flights to London right now,travel
I want to know show me flights to London for me,travel
I want to know show me flights to London right now,travel
can you show me flights to London please,travel
please show me flights to London today,travel
could you show me flights to London,travel
I need to know show me flights to London right now,travel
can you tell me show me flights to London,travel
I need to know I am planning a holiday today,travel
please I am planning a holiday please,travel
can you tell me I am planning a holiday for me,travel
I am planning a holiday right now,travel
can you I am planning a holiday now,travel
find a hotel for tonight,travel
I need to know find a hotel for tonight please,travel
can you find a hotel for tonight right now,travel
I need to know find a hotel for tonight right now,travel
please find a hotel for tonight,travel
tell me find a hotel for tonight today,travel
I want to know find a hotel for tonight now,travel
could you find a hotel for tonight today,travel
can you tell me what is the train schedule right now,travel
could you what is the train schedule,travel
I need to know what is the train schedule right now,travel
could you what is the train schedule for me,travel
I need to know what is the train schedule today,travel
tell me what is the train schedule now,travel
book a rental car,travel
can you tell me book a rental car today,travel
book a rental car today,travel
please book a rental car please,travel
could you book a rental car now,travel
can you book a rental car,travel
book a rental car please,travel
please book a rental car today,travel
can you what is the stock market doing,finance
tell me what is the stock market doing right now,finance
could you what is the stock market doing for me,finance
what is the stock market doing right now,finance
I want to know what is the stock market doing please,finance
tell me what is the stock market doing for me,finance
could you what is the stock market doing today,finance
what is bitcoin worth,finance
tell me what is bitcoin worth right now,finance
I need to know what is bitcoin worth right now,finance
can you what is bitcoin worth today,finance
can you what is bitcoin worth right now,finance
I need to know what is bitcoin worth today,finance
could you what is bitcoin worth now,finance
I want to know what is bitcoin worth today,finance
I need to know should I buy shares please,finance
can you should I buy shares for me,finance
please should I buy shares right now,finance
I want to know should I buy shares right now,finance
I want to know should I buy shares for me,finance
can you should I buy shares now,finance
could you what is the price of gold now,finance
I need to know what is the price of gold,finance
could you what is the price of gold,finance
can you what is the price of gold please,finance
tell me what is the price of gold,finance
can you tell me what is the price of gold,finance
show me market news,finance
can you show me market news right now,finance
I need to know show me market news now,finance
show me market news now,finance
could you show me market news for me,finance
can you show me market news for me,finance
please show me market news please,finance
I need to know show me market news for me,finance
tell me show me market news today,finance
can you what is the interest rate for me,finance
can you tell me what is the interest rate please,finance
could you what is the interest rate please,finance
can you what is the interest rate please,finance
I need to know what is the interest rate for me,finance
what is the interest rate now,finance
how are stocks doing today,finance
I need to know how are stocks doing today please,finance
can you how are stocks doing today now,finance
please how are stocks doing today,finance
can you how are stocks doing today,finance
could you how are stocks doing today,finance
can you how are stocks doing today right now,finance
can you tell me how are stocks doing today today,finance
how are stocks doing today for me,finance
what is the exchange rate,finance
I want to know what is the exchange rate today,finance
please what is the exchange rate please,finance
I need to know what is the exchange rate today,finance
can you tell me what is the exchange rate,finance
tell me what is the exchange rate today,finance
could you what is the exchange rate now,finance
I need to know what is the exchange rate now,finance
tell me about cryptocurrency,finance
please tell me about cryptocurrency,finance
I want to know tell me about cryptocurrency now,finance
tell me tell me about cryptocurrency now,finance
tell me about cryptocurrency please,finance
tell me about cryptocurrency today,finance
please tell me about cryptocurrency now,finance
please tell me about cryptocurrency for me,finance
can you tell me about cryptocurrency for me,finance
should I invest in stocks,finance
tell me should I invest in stocks for me,finance
tell me should I invest in stocks now,finance
tell me should I invest in stocks today,finance
should I invest in stocks for me,finance
should I invest in stocks now,finance
could you should I invest in stocks right now,finance
should I invest in stocks today,finance
can you should I invest in stocks,finance
please open my browser please,browser_phone
open my browser today,browser_phone
open my browser right now,browser_phone
can you tell me open my browser right now,browser_phone
please open my browser right now,browser_phone
could you open my browser now,browser_phone
can you tell me open my browser now,browser_phone
can you open youtube now,browser_phone
can you open youtube today,browser_phone
can you tell me open youtube for me,browser_phone
can you tell me open youtube now,browser_phone
can you tell me open youtube please,browser_phone
tell me open youtube for me,browser_phone
I want to know open maps for me,browser_phone
could you open maps right now,browser_phone
please open maps,browser_phone
can you tell me open maps right now,browser_phone
could you open maps today,browser_phone
I want to know open maps please,browser_phone
please open maps now,browser_phone
I need to know send an email for me,browser_phone
can you tell me send an email for me,browser_phone
can you tell me send an email today,browser_phone
can you send an email,browser_phone
could you send an email for me,browser_phone
tell me send an email right now,browser_phone
send an email today,browser_phone
can you tell me call my friend today,browser_phone
call my friend please,browser_phone
can you tell me call my friend please,browser_phone
please call my friend please,browser_phone
please call my friend today,browser_phone
I need to know call my friend please,browser_phone
I want to know take a photo,browser_phone
I want to know take a photo for me,browser_phone
tell me take a photo today,browser_phone
can you tell me take a photo today,browser_phone
can you tell me take a photo please,browser_phone
could you take a photo today,browser_phone
I want to know take a photo now,browser_phone
I want to know open settings today,browser_phone
I need to know open settings right now,browser_phone
I want to know open settings now,browser_phone
I need to know open settings today,browser_phone
can you open settings today,browser_phone
could you open settings today,browser_phone
tell me open settings please,browser_phone
can you open settings now,browser_phone
I need to know turn on bluetooth right now,browser_phone
can you turn on bluetooth for me,browser_phone
could you turn on bluetooth,browser_phone
tell me turn on bluetooth for me,browser_phone
can you tell me turn on bluetooth today,browser_phone
could you turn on bluetooth right now,browser_phone
please connect to wifi right now,browser_phone
please connect to wifi now,browser_phone
could you connect to wifi right now,browser_phone
I want to know connect to wifi right now,browser_phone
play a video,browser_phone
I want to know play a video for me,browser_phone
please play a video today,browser_phone
please play a video right now,browser_phone
can you play a video please,browser_phone
tell me play a video for me,browser_phone
I need to know play a video today,browser_phone
could you play a video for me,browser_phone
please play a video,browser_phone
open my camera,browser_phone
I need to know open my camera,browser_phone
can you tell me open my camera today,browser_phone
tell me open my camera for me,browser_phone
can you tell me open my camera,browser_phone
could you open my camera,browser_phone
can you open my camera right now,browser_phone
tell me open my camera today,browser_phone
send a message,browser_phone
can you tell me send a message,browser_phone
can you send a message today,browser_phone
I need to know send a message for me,browser_phone
can you tell me send a message now,browser_phone
please send a message please,browser_phone
please send a message right now,browser_phone
can you tell me send a message today,browser_phone
I want to know send a message,browser_phone
check my calendar,browser_phone
could you check my calendar for me,browser_phone
I need to know check my calendar for me,browser_phone
can you tell me check my calendar for me,browser_phone
can you check my calendar for me,browser_phone
I want to know check my calendar today,browser_phone
tell me check my calendar please,browser_phone
I need to know check my calendar today,browser_phone
I want to know check my calendar for me,browser_phone
I want to know play music today,entertainment
please play music right now,entertainment
tell me play music right now,entertainment
can you tell me play music today,entertainment
please play music,entertainment
play music today,entertainment
could you play music right now,entertainment
play a song,entertainment
please play a song today,entertainment
could you play a song please,entertainment
can you play a song please,entertainment
I want to know play a song for me,entertainment
can you tell me play a song please,entertainment
I need to know play a song today,entertainment
tell me play a song please,entertainment
stop the movie,entertainment
I want to know stop the movie now,entertainment
can you stop the movie now,entertainment
can you stop the movie right now,entertainment
I need to know stop the movie,entertainment
I need to know stop the movie right now,entertainment
I want to know stop the movie right now,entertainment
could you stop the movie for me,entertainment
I want to know pause the video please,entertainment
please pause the video now,entertainment
can you pause the video for me,entertainment
please pause the video please,entertainment
I want to know pause the video right now,entertainment
can you tell me pause the video right now,entertainment
can you tell me pause the video,entertainment
can you pause the video,entertainment
play my playlist,entertainment
can you tell me play my playlist please,entertainment
can you play my playlist,entertainment
I want to know play my playlist please,entertainment
could you play my playlist please,entertainment
I want to know play my playlist today,entertainment
can you play my playlist please,entertainment
please play my playlist,entertainment
please play my playlist please,entertainment
find a movie,entertainment
can you tell me find a movie now,entertainment
I want to know find a movie right now,entertainment
I want to know find a movie,entertainment
please find a movie today,entertainment
can you tell me find a movie for me,entertainment
find a movie right now,entertainment
recommend a song,entertainment
please recommend a song please,entertainment
I need to know recommend a song for me,entertainment
recommend a song right now,entertainment
can you tell me recommend a song,entertainment
I need to know recommend a song,entertainment
can you tell me recommend a song please,entertainment
recommend a song please,entertainment
play some relaxing music,entertainment
I want to know play some relaxing music today,entertainment
can you tell me play some relaxing music for me,entertainment
I need to know play some relaxing music,entertainment
play some relaxing music please,entertainment
can you tell me play some relaxing music right now,entertainment
could you play some relaxing music today,entertainment
I want to know play some relaxing music please,entertainment
start a podcast,entertainment
please start a podcast for me,entertainment
could you start a podcast right now,entertainment
can you tell me start a podcast please,entertainment
can you tell me start a podcast right now,entertainment
I want to know start a podcast now,entertainment
I need to know start a podcast,entertainment
start a podcast today,entertainment
I want to know start a podcast,entertainment
what movie should I watch,entertainment
can you tell me what movie should I watch for me,entertainment
please what movie should I watch please,entertainment
could you what movie should I watch today,entertainment
tell me what movie should I watch today,entertainment
please what movie should I watch right now,entertainment
please what movie should I watch for me,entertainment
I need to know what movie should I watch,entertainment
can you what movie should I watch please,entertainment
I need to know how are you please,conversation
tell me how are you today,conversation
could you how are you now,conversation
can you how are you right now,conversation
I want to know how are you please,conversation
could you how are you please,conversation
I want to know how are you right now,conversation
tell me thank you right now,conversation
can you thank you now,conversation
can you thank you,conversation
tell me thank you,conversation
tell me thank you for me,conversation
could you thank you,conversation
thank you now,conversation
can you tell me thank you for me,conversation
good morning now,conversation
I want to know good morning for me,conversation
can you good morning now,conversation
tell me good morning today,conversation
I want to know good morning now,conversation
tell me good morning now,conversation
can you good morning today,conversation
good night now,conversation
can you tell me good night now,conversation
can you good night right now,conversation
please good night now,conversation
can you tell me good night right now,conversation
tell me good night right now,conversation
I want to know good night today,conversation
I need to know hello now,conversation
tell me hello,conversation
I want to know hello right now,conversation
tell me hello for me,conversation
I want to know hello now,conversation
I need to know hello please,conversation
I want to know hello,conversation
could you hello now,conversation
I need to know what are you doing for me,conversation
I want to know what are you doing right now,conversation
could you what are you doing right now,conversation
tell me what are you doing for me,conversation
can you tell me what are you doing please,conversation
could you what are you doing now,conversation
I want to know what are you doing for me,conversation
can you what are you doing now,conversation
tell me tell me a joke right now,conversation
please tell me a joke now,conversation
could you tell me a joke please,conversation
tell me tell me a joke now,conversation
could you tell me a joke now,conversation
please tell me a joke today,conversation
tell me a joke please,conversation
could you tell me a joke for me,conversation
could you I am bored now,conversation
tell me I am bored,conversation
please I am bored please,conversation
I want to know I am bored now,conversation
please I am bored today,conversation
tell me I am bored please,conversation
that is great,conversation
can you tell me that is great for me,conversation
that is great today,conversation
can you tell me that is great now,conversation
I need to know that is great now,conversation
please that is great today,conversation
could you that is great now,conversation
can you tell me that is great please,conversation
I want to know that is great right now,conversation
nice to meet you,conversation
I want to know nice to meet you right now,conversation
could you nice to meet you,conversation
nice to meet you today,conversation
can you tell me nice to meet you now,conversation
I want to know nice to meet you please,conversation
could you nice to meet you today,conversation
can you tell me nice to meet you today,conversation
tell me nice to meet you for me,conversation
can you help me right now,conversation
tell me can you help me for me,conversation
I want to know can you help me for me,conversation
please can you help me,conversation
can you tell me can you help me please,conversation
please can you help me for me,conversation
could you can you help me now,conversation
what do you think,conversation
can you tell me what do you think please,conversation
please what do you think for me,conversation
I need to know what do you think,conversation
I need to know what do you think please,conversation
can you tell me what do you think now,conversation
could you what do you think now,conversation
I want to know what do you think,conversation
buy a new phone,shopping
I need to know buy a new phone please,shopping
could you buy a new phone right now,shopping
please buy a new phone,shopping
I want to know buy a new phone for me,shopping
tell me buy a new phone for me,shopping
could you buy a new phone now,shopping
please buy a new phone right now,shopping
can you buy a new phone for me,shopping
find cheap headphones,shopping
please find cheap headphones,shopping
could you find cheap headphones for me,shopping
can you find cheap headphones for me,shopping
please find cheap headphones now,shopping
I want to know find cheap headphones for me,shopping
I need to know find cheap headphones for me,shopping
I want to know find cheap headphones right now,shopping
where can I buy shoes,shopping
could you where can I buy shoes please,shopping
where can I buy shoes now,shopping
tell me where can I buy shoes now,shopping
can you where can I buy shoes for me,shopping
I want to know where can I buy shoes for me,shopping
can you where can I buy shoes today,shopping
I want to know where can I buy shoes now,shopping
can you tell me where can I buy shoes now,shopping
order a laptop,shopping
please order a laptop now,shopping
I want to know order a laptop for me,shopping
can you order a laptop please,shopping
could you order a laptop now,shopping
can you tell me order a laptop right now,shopping
order a laptop right now,shopping
could you order a laptop please,shopping
show me the best headphones,shopping
could you show me the best headphones right now,shopping
I need to know show me the best headphones today,shopping
can you show me the best headphones right now,shopping
please show me the best headphones now,shopping
can you tell me show me the best headphones please,shopping
can you show me the best headphones please,shopping
could you show me the best headphones today,shopping
find a gift for my friend,shopping
can you tell me find a gift for my friend now,shopping
please find a gift for my friend please,shopping
please find a gift for my friend for me,shopping
can you tell me find a gift for my friend right now,shopping
I need to know find a gift for my friend right now,shopping
find a gift for my friend now,shopping
compare these phones,shopping
please compare these phones please,shopping
I want to know compare these phones today,shopping
tell me compare these phones right now,shopping
please compare these phones today,shopping
could you compare these phones please,shopping
tell me compare these phones,shopping
where can I buy a charger,shopping
I want to know where can I buy a charger,shopping
please where can I buy a charger please,shopping
I want to know where can I buy a charger please,shopping
could you where can I buy a charger please,shopping
tell me where can I buy a charger for me,shopping
please where can I buy a charger today,shopping
I want to know where can I buy a charger for me,shopping
can you tell me where can I buy a charger please,shopping
I have a headache,health_general
I have a headache for me,health_general
please I have a headache right now,health_general
tell me I have a headache for me,health_general
I want to know I have a headache for me,health_general
I have a headache please,health_general
I need to know I have a headache,health_general
can you tell me I have a headache right now,health_general
I want to know I have a headache please,health_general
what should I eat when sick,health_general
I want to know what should I eat when sick please,health_general
I need to know what should I eat when sick today,health_general
can you what should I eat when sick for me,health_general
can you tell me what should I eat when sick today,health_general
could you what should I eat when sick for me,health_general
tell me what should I eat when sick for me,health_general
can you what should I eat when sick,health_general
can you what should I eat when sick please,health_general
how can I sleep better,health_general
can you tell me how can I sleep better please,health_general
I need to know how can I sleep better now,health_general
tell me how can I sleep better right now,health_general
can you tell me how can I sleep better now,health_general
I need to know how can I sleep better today,health_general
please how can I sleep better for me,health_general
could you how can I sleep better,health_general
can you how can I sleep better right now,health_general
what is a healthy diet,health_general
could you what is a healthy diet for me,health_general
can you tell me what is a healthy diet please,health_general
I need to know what is a healthy diet right now,health_general
can you what is a healthy diet right now,health_general
what is a healthy diet right now,health_general
tell me what is a healthy diet,health_general
tell me what is a healthy diet now,health_general
please what is a healthy diet,health_general
why am I tired,health_general
can you tell me why am I tired please,health_general
I want to know why am I tired for me,health_general
please why am I tired right now,health_general
why am I tired please,health_general
tell me why am I tired today,health_general
I want to know why am I tired now,health_general
please why am I tired now,health_general
tell me why am I tired,health_general
how much water should I drink,health_general
could you how much water should I drink for me,health_general
tell me how much water should I drink please,health_general
how much water should I drink for me,health_general
I need to know how much water should I drink now,health_general
I need to know how much water should I drink please,health_general
please how much water should I drink right now,health_general
I want to know how much water should I drink now,health_general
I need to know how much water should I drink today,health_general
write an email to my manager,work_school
could you write an email to my manager right now,work_school
I want to know write an email to my manager please,work_school
write an email to my manager for me,work_school
could you write an email to my manager for me,work_school
can you write an email to my manager please,work_school
can you tell me write an email to my manager now,work_school
tell me write an email to my manager right now,work_school
can you write an email to my manager for me,work_school
help me with my homework,work_school
I want to know help me with my homework now,work_school
help me with my homework today,work_school
help me with my homework now,work_school
I need to know help me with my homework right now,work_school
can you help me with my homework for me,work_school
I need to know help me with my homework please,work_school
can you tell me help me with my homework for me,work_school
summarize this document,work_school
could you summarize this document right now,work_school
I want to know summarize this document today,work_school
can you summarize this document now,work_school
can you tell me summarize this document for me,work_school
tell me summarize this document today,work_school
please summarize this document,work_school
tell me summarize this document for me,work_school
create a presentation,work_school
please create a presentation right now,work_school
could you create a presentation for me,work_school
could you create a presentation right now,work_school
please create a presentation today,work_school
please create a presentation,work_school
create a presentation today,work_school
I need to know create a presentation for me,work_school
write a report,work_school
could you write a report please,work_school
tell me write a report right now,work_school
please write a report right now,work_school
can you tell me write a report right now,work_school
write a report right now,work_school
can you write a report right now,work_school
I want to know write a report,work_school
I need to know write a report today,work_school
explain this equation,work_school
explain this equation for me,work_school
I need to know explain this equation,work_school
please explain this equation,work_school
tell me explain this equation please,work_school
I want to know explain this equation now,work_school
please explain this equation right now,work_school
I need to know explain this equation for me,work_school
please explain this equation please,work_school
help me prepare for an interview,work_school
I want to know help me prepare for an interview right now,work_school
help me prepare for an interview today,work_school
help me prepare for an interview now,work_school
I want to know help me prepare for an interview,work_school
tell me help me prepare for an interview today,work_school
could you help me prepare for an interview,work_school
I need to know help me prepare for an interview for me,work_school
I want to know help me prepare for an interview for me,work_school
I need to know make the listening experience better today,near_ood_audio
could you make the listening experience better please,near_ood_audio
tell me make the listening experience better today,near_ood_audio
tell me make the listening experience better,near_ood_audio
can you tell me make the listening experience better right now,near_ood_audio
please make the listening experience better,near_ood_audio
I want to know make the listening experience better,near_ood_audio
I need to know make this sound better,near_ood_audio
make this sound better now,near_ood_audio
please make this sound better for me,near_ood_audio
I want to know make this sound better please,near_ood_audio
can you tell me make this sound better for me,near_ood_audio
could you make this sound better now,near_ood_audio
please adjust what I am hearing for me,near_ood_audio
could you adjust what I am hearing right now,near_ood_audio
I want to know adjust what I am hearing now,near_ood_audio
could you adjust what I am hearing now,near_ood_audio
tell me adjust what I am hearing right now,near_ood_audio
I need to know adjust what I am hearing today,near_ood_audio
I want to know adjust what I am hearing for me,near_ood_audio
I want to know adjust what I am hearing right now,near_ood_audio
improve the audio quality,near_ood_audio
I need to know improve the audio quality right now,near_ood_audio
could you improve the audio quality for me,near_ood_audio
improve the audio quality for me,near_ood_audio
can you improve the audio quality please,near_ood_audio
tell me improve the audio quality for me,near_ood_audio
please improve the audio quality for me,near_ood_audio
I need to know improve the audio quality now,near_ood_audio
could you improve the audio quality right now,near_ood_audio
make the sound more comfortable,near_ood_audio
I need to know make the sound more comfortable now,near_ood_audio
I want to know make the sound more comfortable please,near_ood_audio
I need to know make the sound more comfortable,near_ood_audio
can you make the sound more comfortable right now,near_ood_audio
I need to know make the sound more comfortable today,near_ood_audio
could you make the sound more comfortable today,near_ood_audio
I want to know make the sound more comfortable today,near_ood_audio
please fix the sound for me,near_ood_audio
can you tell me fix the sound for me for me,near_ood_audio
can you fix the sound for me right now,near_ood_audio
I want to know fix the sound for me,near_ood_audio
I want to know fix the sound for me today,near_ood_audio
I want to know fix the sound for me right now,near_ood_audio
tell me fix the sound for me,near_ood_audio
help me hear this better,near_ood_audio
can you tell me help me hear this better now,near_ood_audio
I need to know help me hear this better now,near_ood_audio
tell me help me hear this better please,near_ood_audio
can you help me hear this better for me,near_ood_audio
can you help me hear this better today,near_ood_audio
could you help me hear this better,near_ood_audio
can you tell me help me hear this better right now,near_ood_audio
please help me hear this better please,near_ood_audio
can you I am having trouble hearing this for me,near_ood_audio
I am having trouble hearing this for me,near_ood_audio
please I am having trouble hearing this,near_ood_audio
please I am having trouble hearing this for me,near_ood_audio
please I am having trouble hearing this now,near_ood_audio
can you tell me I am having trouble hearing this for me,near_ood_audio
I need to know I am having trouble hearing this now,near_ood_audio
could you change the way this sounds please,near_ood_audio
I want to know change the way this sounds,near_ood_audio
can you tell me change the way this sounds today,near_ood_audio
can you tell me change the way this sounds right now,near_ood_audio
can you change the way this sounds please,near_ood_audio
I need to know change the way this sounds right now,near_ood_audio
could you change the way this sounds today,near_ood_audio
please make the audio comfortable,near_ood_audio
I need to know make the audio comfortable now,near_ood_audio
I want to know make the audio comfortable today,near_ood_audio
can you make the audio comfortable,near_ood_audio
can you tell me make the audio comfortable today,near_ood_audio
I want to know make the audio comfortable now,near_ood_audio
I need to know make the audio comfortable,near_ood_audio
improve my listening experience,near_ood_audio
can you tell me improve my listening experience now,near_ood_audio
I need to know improve my listening experience today,near_ood_audio
I need to know improve my listening experience please,near_ood_audio
could you improve my listening experience for me,near_ood_audio
can you improve my listening experience right now,near_ood_audio
please improve my listening experience today,near_ood_audio
I want to know improve my listening experience right now,near_ood_audio
improve my listening experience please,near_ood_audio
the sound does not feel right,near_ood_audio
please the sound does not feel right now,near_ood_audio
please the sound does not feel right,near_ood_audio
I need to know the sound does not feel right for me,near_ood_audio
could you the sound does not feel right please,near_ood_audio
the sound does not feel right right now,near_ood_audio
tell me the sound does not feel right for me,near_ood_audio
can you tell me the sound does not feel right today,near_ood_audio
can you optimize the sound,near_ood_audio
could you can you optimize the sound right now,near_ood_audio
tell me can you optimize the sound right now,near_ood_audio
please can you optimize the sound right now,near_ood_audio
could you can you optimize the sound please,near_ood_audio
can you optimize the sound for me,near_ood_audio
please can you optimize the sound for me,near_ood_audio
please can you optimize the sound,near_ood_audio
can you can you optimize the sound now,near_ood_audio
make everything sound better,near_ood_audio
make everything sound better right now,near_ood_audio
I need to know make everything sound better now,near_ood_audio
tell me make everything sound better now,near_ood_audio
I need to know make everything sound better today,near_ood_audio
please make everything sound better for me,near_ood_audio
please make everything sound better please,near_ood_audio
please make everything sound better today,near_ood_audio
can you tell me make everything sound better please,near_ood_audio
help with the audio quality,near_ood_audio
I want to know help with the audio quality please,near_ood_audio
please help with the audio quality please,near_ood_audio
tell me help with the audio quality please,near_ood_audio
tell me help with the audio quality,near_ood_audio
I need to know help with the audio quality now,near_ood_audio
can you help with the audio quality today,near_ood_audio
could you help with the audio quality now,near_ood_audio
adjust my listening experience,near_ood_audio
can you tell me adjust my listening experience for me,near_ood_audio
please adjust my listening experience now,near_ood_audio
adjust my listening experience right now,near_ood_audio
can you tell me adjust my listening experience,near_ood_audio
please adjust my listening experience,near_ood_audio
I need to know adjust my listening experience for me,near_ood_audio
I need to know adjust my listening experience,near_ood_audio
can you adjust my listening experience today,near_ood_audio
can you tell me jkakjhdjkhd now,random_garbage
jkakjhdjkhd now,random_garbage
I want to know jkakjhdjkhd for me,random_garbage
tell me jkakjhdjkhd please,random_garbage
I want to know jkakjhdjkhd now,random_garbage
could you jkakjhdjkhd,random_garbage
can you jkakjhdjkhd,random_garbage
can you tell me sdkjadsjj now,random_garbage
can you sdkjadsjj now,random_garbage
could you sdkjadsjj today,random_garbage
please sdkjadsjj for me,random_garbage
can you tell me sdkjadsjj for me,random_garbage
please sdkjadsjj please,random_garbage
sdkjadsjj please,random_garbage
can you tell me sdkjadsjj please,random_garbage
I need to know asdfghjkl for me,random_garbage
could you asdfghjkl right now,random_garbage
I need to know asdfghjkl now,random_garbage
I want to know asdfghjkl right now,random_garbage
could you asdfghjkl today,random_garbage
I want to know asdfghjkl now,random_garbage
can you asdfghjkl right now,random_garbage
please qwertyuiop today,random_garbage
tell me qwertyuiop now,random_garbage
tell me qwertyuiop right now,random_garbage
qwertyuiop right now,random_garbage
could you qwertyuiop today,random_garbage
I want to know qwertyuiop,random_garbage
I need to know zzzxxyyqq now,random_garbage
could you zzzxxyyqq,random_garbage
can you zzzxxyyqq,random_garbage
I need to know zzzxxyyqq today,random_garbage
can you zzzxxyyqq now,random_garbage
can you zzzxxyyqq right now,random_garbage
could you zzzxxyyqq right now,random_garbage
could you zzzxxyyqq now,random_garbage
qazwsxedc today,random_garbage
could you qazwsxedc,random_garbage
could you qazwsxedc today,random_garbage
can you qazwsxedc right now,random_garbage
please qazwsxedc now,random_garbage
please qazwsxedc today,random_garbage
I want to know kjhkjhkjh for me,random_garbage
please kjhkjhkjh for me,random_garbage
I want to know kjhkjhkjh please,random_garbage
tell me kjhkjhkjh for me,random_garbage
can you tell me kjhkjhkjh,random_garbage
can you tell me kjhkjhkjh please,random_garbage
I want to know kjhkjhkjh today,random_garbage
could you kjhkjhkjh today,random_garbage
random words banana airplane right now,random_garbage
random words banana airplane for me,random_garbage
could you random words banana airplane today,random_garbage
please random words banana airplane please,random_garbage
tell me random words banana airplane now,random_garbage
I want to know random words banana airplane right now,random_garbage
could you random words banana airplane please,random_garbage
can you hello xyz abc for me,random_garbage
tell me hello xyz abc,random_garbage
please hello xyz abc please,random_garbage
I want to know hello xyz abc now,random_garbage
I want to know hello xyz abc right now,random_garbage
could you hello xyz abc today,random_garbage
please hello xyz abc for me,random_garbage
please 123456789 please,random_garbage
could you 123456789 now,random_garbage
I need to know 123456789 for me,random_garbage
I need to know 123456789 today,random_garbage
I want to know 123456789,random_garbage
tell me 123456789,random_garbage
can you tell me 123456789 for me,random_garbage
aaaa bbbb cccc,random_garbage
aaaa bbbb cccc today,random_garbage
can you aaaa bbbb cccc for me,random_garbage
aaaa bbbb cccc now,random_garbage
I want to know aaaa bbbb cccc today,random_garbage
aaaa bbbb cccc right now,random_garbage
I want to know aaaa bbbb cccc for me,random_garbage
I want to know aaaa bbbb cccc,random_garbage
zxcasdqwe,random_garbage
zxcasdqwe right now,random_garbage
I want to know zxcasdqwe now,random_garbage
can you zxcasdqwe please,random_garbage
can you zxcasdqwe for me,random_garbage
can you tell me zxcasdqwe right now,random_garbage
can you who is the prime minister but make it louder now,adversarial
please who is the prime minister but make it louder today,adversarial
tell me who is the prime minister but make it louder for me,adversarial
I need to know who is the prime minister but make it louder now,adversarial
can you tell me who is the prime minister but make it louder now,adversarial
tell me who is the prime minister but make it louder,adversarial
I want to know who is the prime minister but make it louder,adversarial
I want to know tell me a joke and turn the volume up today,adversarial
I want to know tell me a joke and turn the volume up for me,adversarial
tell me tell me a joke and turn the volume up,adversarial
I need to know tell me a joke and turn the volume up for me,adversarial
could you tell me a joke and turn the volume up right now,adversarial
tell me tell me a joke and turn the volume up please,adversarial
I want to know tell me a joke and turn the volume up please,adversarial
I want to know what is the weather and mute it today,adversarial
could you what is the weather and mute it,adversarial
I need to know what is the weather and mute it now,adversarial
can you tell me what is the weather and mute it for me,adversarial
please what is the weather and mute it today,adversarial
can you tell me what is the weather and mute it now,adversarial
can you what is the weather and mute it,adversarial
I want to know book a hotel and make it quieter right now,adversarial
can you tell me book a hotel and make it quieter please,adversarial
can you tell me book a hotel and make it quieter right now,adversarial
please book a hotel and make it quieter right now,adversarial
I want to know book a hotel and make it quieter for me,adversarial
could you book a hotel and make it quieter please,adversarial
can you tell me book a hotel and make it quieter today,adversarial
I need to know what is bitcoin make it louder please,adversarial
I need to know what is bitcoin make it louder,adversarial
can you what is bitcoin make it louder please,adversarial
tell me what is bitcoin make it louder please,adversarial
could you what is bitcoin make it louder today,adversarial
can you tell me what is bitcoin make it louder,adversarial
I need to know what is bitcoin make it louder now,adversarial
can you tell me open youtube and turn the sound back on please,adversarial
open youtube and turn the sound back on now,adversarial
open youtube and turn the sound back on today,adversarial
can you open youtube and turn the sound back on for me,adversarial
I need to know open youtube and turn the sound back on,adversarial
I want to know open youtube and turn the sound back on please,adversarial
can you open youtube and turn the sound back on please,adversarial
tell me the capital of France and lower it,adversarial
tell me tell me the capital of France and lower it right now,adversarial
can you tell me tell me the capital of France and lower it for me,adversarial
I want to know tell me the capital of France and lower it please,adversarial
please tell me the capital of France and lower it right now,adversarial
tell me the capital of France and lower it for me,adversarial
I need to know tell me the capital of France and lower it right now,adversarial
can you tell me tell me the capital of France and lower it today,adversarial
play music and mute the hearing aid,adversarial
I want to know play music and mute the hearing aid now,adversarial
please play music and mute the hearing aid now,adversarial
can you tell me play music and mute the hearing aid for me,adversarial
tell me play music and mute the hearing aid now,adversarial
I need to know play music and mute the hearing aid,adversarial
please play music and mute the hearing aid,adversarial
can you tell me play music and mute the hearing aid,adversarial
find a restaurant and increase the volume,adversarial
find a restaurant and increase the volume please,adversarial
I need to know find a restaurant and increase the volume right now,adversarial
could you find a restaurant and increase the volume right now,adversarial
can you find a restaurant and increase the volume now,adversarial
I need to know find a restaurant and increase the volume for me,adversarial
please find a restaurant and increase the volume please,adversarial
I need to know find a restaurant and increase the volume today,adversarial
can you find a restaurant and increase the volume please,adversarial
what is the train time make it louder,adversarial
please what is the train time make it louder please,adversarial
could you what is the train time make it louder for me,adversarial
I need to know what is the train time make it louder for me,adversarial
tell me what is the train time make it louder,adversarial
please what is the train time make it louder now,adversarial
could you what is the train time make it louder please,adversarial
I need to know what is the train time make it louder now,adversarial
send an email and turn it down,adversarial
please send an email and turn it down for me,adversarial
tell me send an email and turn it down please,adversarial
I want to know send an email and turn it down today,adversarial
I need to know send an email and turn it down right now,adversarial
tell me send an email and turn it down today,adversarial
send an email and turn it down right now,adversarial
send an email and turn it down please,adversarial
send an email and turn it down today,adversarial
tell me a joke and mute it,adversarial
can you tell me a joke and mute it for me,adversarial
could you tell me a joke and mute it now,adversarial
tell me tell me a joke and mute it now,adversarial
could you tell me a joke and mute it today,adversarial
please tell me a joke and mute it for me,adversarial
tell me tell me a joke and mute it for me,adversarial
tell me a joke and mute it right now,adversarial
please tell me a joke and mute it now,adversarial
tell me about cricket,synthetic_general_ood
what is a song,synthetic_general_ood
can you explain pizza,synthetic_general_ood
can you explain a flight,synthetic_general_ood
can you explain the exchange rate,synthetic_general_ood
tell me about the exchange rate,synthetic_general_ood
can you explain football,synthetic_general_ood
how do I football,synthetic_general_ood
where can I find a movie,synthetic_general_ood
how do I a song,synthetic_general_ood
how do I the exchange rate,synthetic_general_ood
can you explain a pasta recipe,synthetic_general_ood
what is football,synthetic_general_ood
where can I find cricket,synthetic_general_ood
tell me about football,synthetic_general_ood
show me cricket,synthetic_general_ood
explain cricket,synthetic_general_ood
can you explain a hotel,synthetic_general_ood
explain weather,synthetic_general_ood
explain the exchange rate,synthetic_general_ood
show me football,synthetic_general_ood
can you explain email,synthetic_general_ood
explain a movie,synthetic_general_ood
can you explain the stock market,synthetic_general_ood
show me a movie,synthetic_general_ood
what is cricket,synthetic_general_ood
tell me about weather,synthetic_general_ood
where can I find weather,synthetic_general_ood
where can I find the exchange rate,synthetic_general_ood
can you explain bitcoin,synthetic_general_ood
where can I find football,synthetic_general_ood
explain a song,synthetic_general_ood
how do I weather,synthetic_general_ood
can you explain weather,synthetic_general_ood
show me the exchange rate,synthetic_general_ood
can you explain a song,synthetic_general_ood
can you explain today's news,synthetic_general_ood
show me a song,synthetic_general_ood
how do I cricket,synthetic_general_ood
what is a movie,synthetic_general_ood
can you explain a movie,synthetic_general_ood
show me weather,synthetic_general_ood
what is weather,synthetic_general_ood
can you explain tax rules,synthetic_general_ood
explain football,synthetic_general_ood
can you explain cricket,synthetic_general_ood
tell me about a movie,synthetic_general_ood
tell me about a song,synthetic_general_ood
can you explain the train schedule,synthetic_general_ood
where can I find a song,synthetic_general_ood
can you explain youtube,synthetic_general_ood
can you explain my browser,synthetic_general_ood
how do I a movie,synthetic_general_ood
I was wondering about football,synthetic_conversational_ood
What can you tell me about today's news,synthetic_conversational_ood
I was wondering about today's news,synthetic_conversational_ood
Please explain my browser,synthetic_conversational_ood
Can you help me understand a hotel,synthetic_conversational_ood
I want information about a pasta recipe,synthetic_conversational_ood
I was wondering about email,synthetic_conversational_ood
I want information about my browser,synthetic_conversational_ood
Can you help me understand a flight,synthetic_conversational_ood
What can you tell me about the exchange rate,synthetic_conversational_ood
Please explain bitcoin,synthetic_conversational_ood
Please explain a song,synthetic_conversational_ood
Please explain today's news,synthetic_conversational_ood
I want information about a flight,synthetic_conversational_ood
I was wondering about a pasta recipe,synthetic_conversational_ood
Please explain the train schedule,synthetic_conversational_ood
I want information about weather,synthetic_conversational_ood
Can you help me understand today's news,synthetic_conversational_ood
Can you help me understand my browser,synthetic_conversational_ood
I want information about email,synthetic_conversational_ood
I want information about bitcoin,synthetic_conversational_ood
I was wondering about the stock market,synthetic_conversational_ood
I was wondering about youtube,synthetic_conversational_ood
What can you tell me about tax rules,synthetic_conversational_ood
I want information about a movie,synthetic_conversational_ood
I want information about the exchange rate,synthetic_conversational_ood
Please explain weather,synthetic_conversational_ood
I want information about today's news,synthetic_conversational_ood
Please explain the stock market,synthetic_conversational_ood
Can you help me understand a pasta recipe,synthetic_conversational_ood
Please explain a hotel,synthetic_conversational_ood
Can you help me understand pizza,synthetic_conversational_ood
What can you tell me about email,synthetic_conversational_ood
Can you help me understand tax rules,synthetic_conversational_ood
Can you help me understand bitcoin,synthetic_conversational_ood
I was wondering about a hotel,synthetic_conversational_ood
What can you tell me about youtube,synthetic_conversational_ood
I want information about the train schedule,synthetic_conversational_ood
Can you help me understand the exchange rate,synthetic_conversational_ood
What can you tell me about my browser,synthetic_conversational_ood
Please explain a pasta recipe,synthetic_conversational_ood
Can you help me understand email,synthetic_conversational_ood
I want information about football,synthetic_conversational_ood
Please explain youtube,synthetic_conversational_ood
I was wondering about the train schedule,synthetic_conversational_ood
I want information about the stock market,synthetic_conversational_ood
I was wondering about pizza,synthetic_conversational_ood
I was wondering about bitcoin,synthetic_conversational_ood
I was wondering about my browser,synthetic_conversational_ood
Can you help me understand the stock market,synthetic_conversational_ood
I was wondering about tax rules,synthetic_conversational_ood
I want information about tax rules,synthetic_conversational_ood
Please explain cricket,synthetic_conversational_ood
Can you help me understand a movie,synthetic_conversational_ood
What can you tell me about a pasta recipe,synthetic_conversational_ood
What can you tell me about the stock market,synthetic_conversational_ood
What can you tell me about pizza,synthetic_conversational_ood
What can you tell me about a hotel,synthetic_conversational_ood
I was wondering about a song,synthetic_conversational_ood
Can you help me understand weather,synthetic_conversational_ood
I was wondering about cricket,synthetic_conversational_ood
Can you help me understand youtube,synthetic_conversational_ood
Can you help me understand football,synthetic_conversational_ood
I want information about cricket,synthetic_conversational_ood
I want information about pizza,synthetic_conversational_ood
What can you tell me about bitcoin,synthetic_conversational_ood
What can you tell me about a song,synthetic_conversational_ood
Can you help me understand a song,synthetic_conversational_ood
What can you tell me about cricket,synthetic_conversational_ood
I was wondering about a flight,synthetic_conversational_ood
Can you help me understand cricket,synthetic_conversational_ood
I want information about a song,synthetic_conversational_ood
What can you tell me about weather,synthetic_conversational_ood
What can you tell me about football,synthetic_conversational_ood
Can you help me understand the train schedule,synthetic_conversational_ood
What can you tell me about the train schedule,synthetic_conversational_ood
Please explain a flight,synthetic_conversational_ood
I was wondering about a movie,synthetic_conversational_ood
Please explain tax rules,synthetic_conversational_ood
Please explain the exchange rate,synthetic_conversational_ood
I was wondering about the exchange rate,synthetic_conversational_ood
Please explain a movie,synthetic_conversational_ood
I want information about a hotel,synthetic_conversational_ood
What can you tell me about a movie,synthetic_conversational_ood
Please explain email,synthetic_conversational_ood
Please explain football,synthetic_conversational_ood
I was wondering about weather,synthetic_conversational_ood
Please explain pizza,synthetic_conversational_ood
I want information about youtube,synthetic_conversational_ood
What can you tell me about a flight,synthetic_conversational_ood
