text,intent,source,predicted_intent,confidence,correct
switch my hearing aid to the restaurant program,device.memory.change,unseen_semantic_stress_test,device.memory.change,0.99874216,True
put my hearing aids into the phone setting,device.memory.change,unseen_semantic_stress_test,device.memory.change,0.5835857,True
change the current hearing program to music,device.memory.change,unseen_semantic_stress_test,device.memory.change,0.9988318,True
use my outdoor hearing setting,device.memory.change,unseen_semantic_stress_test,device.memory.change,0.99302214,True
move to the television listening program,device.memory.change,unseen_semantic_stress_test,device.memory.change,0.99164057,True
change which hearing aid program is active,device.memory.change,unseen_semantic_stress_test,device.memory.change,0.9053591,True
switch from my current hearing mode to the phone mode,device.memory.change,unseen_semantic_stress_test,device.memory.change,0.9993431,True
select a different hearing profile,device.memory.change,unseen_semantic_stress_test,device.volume.increase,0.56409955,False
change the hearing setting I'm using now,device.memory.change,unseen_semantic_stress_test,device.memory.change,0.98008806,True
put the devices into the program I use for conversations,device.memory.change,unseen_semantic_stress_test,device.memory.change,0.98882455,True
switch the active memory on my hearing aids,device.memory.change,unseen_semantic_stress_test,device.memory.change,0.89645785,True
choose another hearing aid environment,device.memory.change,unseen_semantic_stress_test,device.volume.decrease,0.7569444,False
move my hearing aids to the music profile,device.memory.change,unseen_semantic_stress_test,streaming.session.start,0.9868596,False
change the program for my hearing aids,device.memory.change,unseen_semantic_stress_test,device.memory.change,0.9957586,True
select the telephone hearing program,device.memory.change,unseen_semantic_stress_test,device.memory.change,0.9857362,True
switch to my custom hearing setting,device.memory.change,unseen_semantic_stress_test,device.memory.change,0.9985569,True
change the active hearing memory,device.memory.change,unseen_semantic_stress_test,device.memory.change,0.9768063,True
put my hearing aids in the program for watching TV,device.memory.change,unseen_semantic_stress_test,device.memory.change,0.9067194,True
use a different hearing profile right now,device.memory.change,unseen_semantic_stress_test,device.memory.change,0.69404185,True
switch my devices to another listening mode,device.memory.change,unseen_semantic_stress_test,device.memory.change,0.9992906,True
change the memory currently selected,device.memory.change,unseen_semantic_stress_test,device.memory.change,0.9974452,True
move to my conversation program,device.memory.change,unseen_semantic_stress_test,device.memory.change,0.9994893,True
select the hearing mode for noisy places,device.memory.change,unseen_semantic_stress_test,device.memory.change,0.9848347,True
switch the hearing aids to my preferred program,device.memory.change,unseen_semantic_stress_test,device.memory.change,0.99029154,True
change the current listening profile,device.memory.change,unseen_semantic_stress_test,device.memory.change,0.99138206,True
activate another hearing program,device.memory.change,unseen_semantic_stress_test,device.memory.change,0.99189985,True
put the hearing aids on the setting I use outdoors,device.memory.change,unseen_semantic_stress_test,device.memory.change,0.91567665,True
switch to the program for phone calls,device.memory.change,unseen_semantic_stress_test,device.memory.change,0.99965453,True
change which memory my hearing aids are using,device.memory.change,unseen_semantic_stress_test,device.memory.change,0.9349522,True
select a different sound program,device.memory.change,unseen_semantic_stress_test,device.memory.change,0.99575055,True
move from this hearing program to another one,device.memory.change,unseen_semantic_stress_test,device.memory.change,0.99619365,True
change my current device setting,device.memory.change,unseen_semantic_stress_test,device.memory.change,0.99917465,True
switch to my TV listening profile,device.memory.change,unseen_semantic_stress_test,device.memory.change,0.9833156,True
activate the restaurant hearing program,device.memory.change,unseen_semantic_stress_test,device.memory.change,0.9936241,True
choose another memory for the hearing aids,device.memory.change,unseen_semantic_stress_test,device.memory.change,0.9283117,True
change the listening environment setting,device.memory.change,unseen_semantic_stress_test,device.memory.change,0.9646208,True
switch my hearing aids into telephone mode,device.memory.change,unseen_semantic_stress_test,device.memory.change,0.9978388,True
select my music hearing profile,device.memory.change,unseen_semantic_stress_test,streaming.session.start,0.5066148,False
move to a different hearing memory,device.memory.change,unseen_semantic_stress_test,device.memory.change,0.9983028,True
change the program that is active,device.memory.change,unseen_semantic_stress_test,device.memory.change,0.99925953,True
switch the devices to another acoustic setting,device.memory.change,unseen_semantic_stress_test,device.memory.change,0.91992265,True
choose the hearing program I need now,device.memory.change,unseen_semantic_stress_test,device.memory.change,0.97739,True
change from the current memory to my outdoor one,device.memory.change,unseen_semantic_stress_test,device.memory.change,0.9997638,True
activate my conversation setting,device.memory.change,unseen_semantic_stress_test,device.memory.change,0.99661833,True
switch the current hearing profile,device.memory.change,unseen_semantic_stress_test,device.memory.change,0.9875544,True
pick another program for my hearing aids,device.memory.change,unseen_semantic_stress_test,device.memory.change,0.95805466,True
change the active memory setting,device.memory.change,unseen_semantic_stress_test,device.memory.change,0.99954,True
put the devices into a different listening program,device.memory.change,unseen_semantic_stress_test,device.memory.change,0.99701333,True
switch to another hearing environment,device.memory.change,unseen_semantic_stress_test,device.volume.decrease,0.5890256,False
select the phone program on my hearing aids,device.memory.change,unseen_semantic_stress_test,device.memory.change,0.56508034,True
change my hearing aids from the current program,device.memory.change,unseen_semantic_stress_test,device.memory.change,0.99849236,True
activate a different hearing profile,device.memory.change,unseen_semantic_stress_test,device.memory.change,0.54530364,True
switch the listening memory to another option,device.memory.change,unseen_semantic_stress_test,device.memory.change,0.99860376,True
make the sound a little softer,device.volume.decrease,unseen_semantic_stress_test,device.volume.decrease,0.9940024,True
lower what I'm hearing without silencing it,device.volume.decrease,unseen_semantic_stress_test,device.volume.decrease,0.99027866,True
"the hearing aids are too loud, turn them down",device.volume.decrease,unseen_semantic_stress_test,device.volume.decrease,0.9980661,True
reduce the audio level slightly,device.volume.decrease,unseen_semantic_stress_test,device.volume.decrease,0.99866676,True
I need less volume but I still want to hear,device.volume.decrease,unseen_semantic_stress_test,device.volume.decrease,0.95167565,True
make the sound quieter,device.volume.decrease,unseen_semantic_stress_test,device.volume.decrease,0.997566,True
bring the volume down a notch,device.volume.decrease,unseen_semantic_stress_test,device.volume.decrease,0.9991227,True
turn the audio down a little,device.volume.decrease,unseen_semantic_stress_test,device.volume.decrease,0.99704283,True
reduce how loud the hearing aids are,device.volume.decrease,unseen_semantic_stress_test,device.volume.decrease,0.99858105,True
make everything less loud,device.volume.decrease,unseen_semantic_stress_test,device.volume.decrease,0.9968178,True
drop the listening level slightly,device.volume.decrease,unseen_semantic_stress_test,device.volume.decrease,0.9989114,True
"the sound is too strong, lower it",device.volume.decrease,unseen_semantic_stress_test,device.volume.decrease,0.99853563,True
give me a softer volume,device.volume.decrease,unseen_semantic_stress_test,device.volume.decrease,0.99849963,True
turn down the hearing level,device.volume.decrease,unseen_semantic_stress_test,device.volume.decrease,0.9990427,True
reduce the loudness but keep the sound on,device.volume.decrease,unseen_semantic_stress_test,device.volume.decrease,0.99743325,True
make my hearing aids quieter,device.volume.decrease,unseen_semantic_stress_test,device.volume.decrease,0.9909514,True
lower the current volume,device.volume.decrease,unseen_semantic_stress_test,device.volume.decrease,0.9973225,True
take the volume down a bit,device.volume.decrease,unseen_semantic_stress_test,device.volume.decrease,0.9987134,True
the audio is too loud for me,device.volume.decrease,unseen_semantic_stress_test,device.volume.decrease,0.9368412,True
soften the sound coming through the devices,device.volume.decrease,unseen_semantic_stress_test,device.volume.decrease,0.9974056,True
reduce the hearing aid volume,device.volume.decrease,unseen_semantic_stress_test,device.volume.decrease,0.9986909,True
turn the sound lower,device.volume.decrease,unseen_semantic_stress_test,device.volume.decrease,0.99898106,True
make the audio less intense,device.volume.decrease,unseen_semantic_stress_test,device.volume.decrease,0.99421036,True
I want the volume reduced,device.volume.decrease,unseen_semantic_stress_test,device.volume.increase,0.6403858,False
bring the sound level down,device.volume.decrease,unseen_semantic_stress_test,device.volume.decrease,0.999355,True
make it quieter while keeping audio available,device.volume.decrease,unseen_semantic_stress_test,device.volume.decrease,0.99625826,True
lower the output a little,device.volume.decrease,unseen_semantic_stress_test,device.volume.decrease,0.99929166,True
reduce the current listening volume,device.volume.decrease,unseen_semantic_stress_test,device.volume.decrease,0.9978502,True
turn the hearing aids down,device.volume.decrease,unseen_semantic_stress_test,device.volume.decrease,0.99734515,True
make the audio more comfortable by lowering it,device.volume.decrease,unseen_semantic_stress_test,device.volume.decrease,0.57954425,True
decrease the sound level,device.volume.decrease,unseen_semantic_stress_test,device.volume.decrease,0.9994772,True
the hearing aids need to be quieter,device.volume.decrease,unseen_semantic_stress_test,device.volume.decrease,0.99621445,True
reduce the volume one step,device.volume.decrease,unseen_semantic_stress_test,device.volume.decrease,0.999331,True
make the listening level lower,device.volume.decrease,unseen_semantic_stress_test,device.volume.decrease,0.99819523,True
turn down what I hear,device.volume.decrease,unseen_semantic_stress_test,device.volume.decrease,0.9976566,True
lower the device volume slightly,device.volume.decrease,unseen_semantic_stress_test,device.volume.decrease,0.99869186,True
the sound is a bit too loud,device.volume.decrease,unseen_semantic_stress_test,device.volume.decrease,0.98109645,True
bring the audio level down,device.volume.decrease,unseen_semantic_stress_test,device.volume.decrease,0.99937433,True
make the hearing output softer,device.volume.decrease,unseen_semantic_stress_test,device.volume.decrease,0.9982046,True
reduce how much sound I'm getting,device.volume.decrease,unseen_semantic_stress_test,device.volume.decrease,0.99276066,True
turn the volume down without muting,device.volume.decrease,unseen_semantic_stress_test,device.volume.decrease,0.99739957,True
give me less sound,device.volume.decrease,unseen_semantic_stress_test,device.volume.decrease,0.9983669,True
lower the hearing aid output,device.volume.decrease,unseen_semantic_stress_test,device.volume.decrease,0.9980227,True
quiet the audio somewhat,device.volume.decrease,unseen_semantic_stress_test,device.volume.decrease,0.9439598,True
reduce the loudness a little,device.volume.decrease,unseen_semantic_stress_test,device.volume.decrease,0.99867743,True
turn the sound down but leave it audible,device.volume.decrease,unseen_semantic_stress_test,device.volume.decrease,0.9951279,True
make my current volume lower,device.volume.decrease,unseen_semantic_stress_test,device.volume.decrease,0.9931819,True
decrease the listening level,device.volume.decrease,unseen_semantic_stress_test,device.volume.decrease,0.99910337,True
take the audio down slightly,device.volume.decrease,unseen_semantic_stress_test,device.volume.decrease,0.9938572,True
make the hearing aids less loud,device.volume.decrease,unseen_semantic_stress_test,device.volume.decrease,0.9846816,True
lower the sound coming from the devices,device.volume.decrease,unseen_semantic_stress_test,device.volume.decrease,0.99955064,True
reduce the volume but don't turn it off,device.volume.decrease,unseen_semantic_stress_test,device.volume.decrease,0.9962513,True
soften the hearing aid output,device.volume.decrease,unseen_semantic_stress_test,device.volume.decrease,0.99624914,True
turn it down just a little,device.volume.decrease,unseen_semantic_stress_test,device.volume.decrease,0.99772173,True
make the hearing aids louder,device.volume.increase,unseen_semantic_stress_test,device.volume.increase,0.9948277,True
raise the sound level a little,device.volume.increase,unseen_semantic_stress_test,device.volume.increase,0.9947491,True
I need more volume,device.volume.increase,unseen_semantic_stress_test,device.volume.increase,0.9935183,True
"the audio is too quiet, increase it",device.volume.increase,unseen_semantic_stress_test,device.volume.increase,0.99824226,True
boost what I'm hearing,device.volume.increase,unseen_semantic_stress_test,device.volume.increase,0.9989575,True
turn the sound up,device.volume.increase,unseen_semantic_stress_test,device.volume.increase,0.9991252,True
make everything louder,device.volume.increase,unseen_semantic_stress_test,device.volume.increase,0.99843186,True
give me a stronger listening level,device.volume.increase,unseen_semantic_stress_test,device.volume.decrease,0.9893791,False
raise the hearing aid volume,device.volume.increase,unseen_semantic_stress_test,device.volume.increase,0.99613035,True
the sound needs to be louder,device.volume.increase,unseen_semantic_stress_test,device.volume.increase,0.99646854,True
increase the audio output,device.volume.increase,unseen_semantic_stress_test,device.volume.increase,0.9967353,True
bring the volume up a notch,device.volume.increase,unseen_semantic_stress_test,device.volume.increase,0.9939031,True
make the hearing output stronger,device.volume.increase,unseen_semantic_stress_test,device.volume.mute,0.5265541,False
turn up what I hear,device.volume.increase,unseen_semantic_stress_test,device.volume.increase,0.99859923,True
add a little more volume,device.volume.increase,unseen_semantic_stress_test,device.volume.increase,0.9828153,True
raise the listening level,device.volume.increase,unseen_semantic_stress_test,device.volume.increase,0.984617,True
"I can barely hear, make it louder",device.volume.increase,unseen_semantic_stress_test,device.volume.increase,0.99890745,True
increase the loudness,device.volume.increase,unseen_semantic_stress_test,device.volume.increase,0.99726593,True
boost the audio slightly,device.volume.increase,unseen_semantic_stress_test,device.volume.increase,0.98692816,True
make the sound more prominent,device.volume.increase,unseen_semantic_stress_test,device.volume.decrease,0.976141,False
turn the hearing aids up,device.volume.increase,unseen_semantic_stress_test,device.volume.increase,0.9953791,True
give me more sound,device.volume.increase,unseen_semantic_stress_test,device.volume.increase,0.96615636,True
raise the current volume,device.volume.increase,unseen_semantic_stress_test,device.volume.increase,0.99129796,True
the hearing aids are too quiet,device.volume.increase,unseen_semantic_stress_test,device.volume.increase,0.6506103,True
increase what comes through the devices,device.volume.increase,unseen_semantic_stress_test,device.volume.increase,0.9966929,True
make the audio louder without changing the program,device.volume.increase,unseen_semantic_stress_test,device.volume.increase,0.99708337,True
turn up the output,device.volume.increase,unseen_semantic_stress_test,device.volume.increase,0.9982817,True
bring the sound level higher,device.volume.increase,unseen_semantic_stress_test,device.volume.increase,0.9714996,True
make my hearing aids louder,device.volume.increase,unseen_semantic_stress_test,device.volume.increase,0.9957638,True
raise the audio level,device.volume.increase,unseen_semantic_stress_test,device.volume.increase,0.99698776,True
add more sound,device.volume.increase,unseen_semantic_stress_test,device.volume.increase,0.9816959,True
increase the hearing volume,device.volume.increase,unseen_semantic_stress_test,device.volume.increase,0.997863,True
make the listening output stronger,device.volume.increase,unseen_semantic_stress_test,device.volume.decrease,0.7994293,False
turn the volume higher,device.volume.increase,unseen_semantic_stress_test,device.volume.increase,0.99280846,True
boost what is coming through,device.volume.increase,unseen_semantic_stress_test,device.volume.increase,0.9978982,True
raise the sound a little,device.volume.increase,unseen_semantic_stress_test,device.volume.increase,0.99826705,True
I want more audio,device.volume.increase,unseen_semantic_stress_test,device.volume.increase,0.9948795,True
make the device output louder,device.volume.increase,unseen_semantic_stress_test,device.volume.increase,0.9969445,True
increase the listening level,device.volume.increase,unseen_semantic_stress_test,device.volume.increase,0.9824401,True
the current volume is too low,device.volume.increase,unseen_semantic_stress_test,device.volume.increase,0.8866304,True
turn up the hearing output,device.volume.increase,unseen_semantic_stress_test,device.volume.increase,0.99817145,True
make the audio less quiet,device.volume.increase,unseen_semantic_stress_test,device.volume.decrease,0.99013877,False
raise the device volume,device.volume.increase,unseen_semantic_stress_test,device.volume.increase,0.9940084,True
give the sound a boost,device.volume.increase,unseen_semantic_stress_test,device.volume.increase,0.9978746,True
increase the volume one step,device.volume.increase,unseen_semantic_stress_test,device.volume.increase,0.9805737,True
make what I'm hearing louder,device.volume.increase,unseen_semantic_stress_test,device.volume.increase,0.99887365,True
turn the sound up slightly,device.volume.increase,unseen_semantic_stress_test,device.volume.increase,0.9964414,True
boost the hearing aid level,device.volume.increase,unseen_semantic_stress_test,device.volume.increase,0.9908723,True
raise the loudness,device.volume.increase,unseen_semantic_stress_test,device.volume.increase,0.9940836,True
more volume please,device.volume.increase,unseen_semantic_stress_test,device.volume.increase,0.9530721,True
increase the current audio level,device.volume.increase,unseen_semantic_stress_test,device.volume.increase,0.99455523,True
make the hearing output louder,device.volume.increase,unseen_semantic_stress_test,device.volume.increase,0.99493366,True
turn it up but keep the same program,device.volume.increase,unseen_semantic_stress_test,device.volume.increase,0.9484467,True
strengthen the sound coming through,device.volume.increase,unseen_semantic_stress_test,device.volume.decrease,0.9897041,False
silence my hearing aids completely,device.volume.mute,unseen_semantic_stress_test,device.volume.mute,0.9940422,True
stop all sound from the devices,device.volume.mute,unseen_semantic_stress_test,device.volume.mute,0.98478115,True
I don't want to hear any audio right now,device.volume.mute,unseen_semantic_stress_test,reminders.task.create,0.46780863,False
make the hearing aids completely silent,device.volume.mute,unseen_semantic_stress_test,device.volume.mute,0.9806358,True
turn the sound off entirely,device.volume.mute,unseen_semantic_stress_test,device.volume.mute,0.9970073,True
mute the hearing aids,device.volume.mute,unseen_semantic_stress_test,device.volume.mute,0.99065924,True
shut off the audio output,device.volume.mute,unseen_semantic_stress_test,streaming.session.stop,0.880977,False
give me complete silence,device.volume.mute,unseen_semantic_stress_test,device.volume.mute,0.7458246,True
stop the sound completely,device.volume.mute,unseen_semantic_stress_test,device.volume.mute,0.9785776,True
turn off all hearing aid audio,device.volume.mute,unseen_semantic_stress_test,device.volume.mute,0.99828583,True
I need the devices to be silent,device.volume.mute,unseen_semantic_stress_test,device.volume.mute,0.74277145,True
cut the sound off completely,device.volume.mute,unseen_semantic_stress_test,device.volume.mute,0.9963462,True
silence everything I'm hearing,device.volume.mute,unseen_semantic_stress_test,device.volume.mute,0.9929957,True
make the audio stop,device.volume.mute,unseen_semantic_stress_test,streaming.session.stop,0.95683295,False
turn off the hearing output,device.volume.mute,unseen_semantic_stress_test,device.volume.mute,0.9878764,True
no sound from my hearing aids,device.volume.mute,unseen_semantic_stress_test,device.volume.mute,0.61149865,True
completely silence the devices,device.volume.mute,unseen_semantic_stress_test,device.volume.mute,0.9936081,True
stop all audio through the hearing aids,device.volume.mute,unseen_semantic_stress_test,device.volume.mute,0.9849235,True
make them quiet with no sound at all,device.volume.mute,unseen_semantic_stress_test,device.volume.mute,0.9721184,True
switch the hearing aids to complete silence,device.volume.mute,unseen_semantic_stress_test,device.volume.mute,0.76970834,True
I need total silence,device.volume.mute,unseen_semantic_stress_test,device.volume.mute,0.9873044,True
mute all audio,device.volume.mute,unseen_semantic_stress_test,device.volume.mute,0.9939891,True
stop what is playing through my hearing aids,device.volume.mute,unseen_semantic_stress_test,device.volume.decrease,0.717845,False
turn the hearing aid sound completely off,device.volume.mute,unseen_semantic_stress_test,device.volume.mute,0.99872917,True
silence the audio output,device.volume.mute,unseen_semantic_stress_test,device.volume.mute,0.99371696,True
make there be no sound,device.volume.mute,unseen_semantic_stress_test,device.volume.mute,0.9806825,True
shut the hearing aid audio off,device.volume.mute,unseen_semantic_stress_test,device.volume.mute,0.9948396,True
stop hearing anything through the devices,device.volume.mute,unseen_semantic_stress_test,streaming.session.stop,0.9651343,False
turn off the sound entirely,device.volume.mute,unseen_semantic_stress_test,device.volume.mute,0.9972747,True
silence my hearing output,device.volume.mute,unseen_semantic_stress_test,device.volume.mute,0.994863,True
remove all sound from the hearing aids,device.volume.mute,unseen_semantic_stress_test,device.volume.mute,0.99602073,True
I want complete silence from the devices,device.volume.mute,unseen_semantic_stress_test,device.volume.mute,0.9761953,True
mute the current audio,device.volume.mute,unseen_semantic_stress_test,device.volume.mute,0.93294287,True
stop the hearing aid output,device.volume.mute,unseen_semantic_stress_test,device.volume.mute,0.76033086,True
make the devices produce no sound,device.volume.mute,unseen_semantic_stress_test,device.volume.mute,0.9880415,True
turn everything audible off,device.volume.mute,unseen_semantic_stress_test,device.volume.mute,0.9927153,True
completely mute the hearing aids,device.volume.mute,unseen_semantic_stress_test,device.volume.mute,0.9961337,True
stop all sound coming through,device.volume.mute,unseen_semantic_stress_test,device.volume.mute,0.9954957,True
silence the current hearing output,device.volume.mute,unseen_semantic_stress_test,device.volume.mute,0.97395396,True
turn off what I'm hearing,device.volume.mute,unseen_semantic_stress_test,device.volume.mute,0.9959675,True
make the hearing aids silent,device.volume.mute,unseen_semantic_stress_test,device.volume.mute,0.92474276,True
no audio should come through,device.volume.mute,unseen_semantic_stress_test,streaming.session.start,0.5904877,False
shut down the sound output,device.volume.mute,unseen_semantic_stress_test,device.volume.decrease,0.998569,False
mute the current hearing aid audio,device.volume.mute,unseen_semantic_stress_test,device.volume.mute,0.95106345,True
stop the audio completely,device.volume.mute,unseen_semantic_stress_test,device.volume.mute,0.63401324,True
give me zero sound,device.volume.mute,unseen_semantic_stress_test,device.volume.decrease,0.9180827,False
turn all hearing aid audio off,device.volume.mute,unseen_semantic_stress_test,device.volume.mute,0.9979626,True
silence the devices now,device.volume.mute,unseen_semantic_stress_test,device.volume.mute,0.9931458,True
make the output completely silent,device.volume.mute,unseen_semantic_stress_test,device.volume.mute,0.9864978,True
stop all audible output,device.volume.mute,unseen_semantic_stress_test,device.volume.mute,0.9715228,True
mute what I'm hearing,device.volume.mute,unseen_semantic_stress_test,device.volume.mute,0.9502974,True
turn the hearing sound off,device.volume.mute,unseen_semantic_stress_test,device.volume.mute,0.99675757,True
no sound at all please,device.volume.mute,unseen_semantic_stress_test,device.volume.mute,0.9889613,True
completely shut off the audio,device.volume.mute,unseen_semantic_stress_test,device.volume.mute,0.9695217,True
bring the sound back after muting,device.volume.unmute,unseen_semantic_stress_test,device.volume.unmute,0.9992793,True
restore audio to my hearing aids,device.volume.unmute,unseen_semantic_stress_test,device.volume.unmute,0.96681625,True
let me hear through the devices again,device.volume.unmute,unseen_semantic_stress_test,device.volume.unmute,0.9976539,True
turn the sound back on,device.volume.unmute,unseen_semantic_stress_test,device.volume.unmute,0.99960035,True
resume audio output,device.volume.unmute,unseen_semantic_stress_test,device.volume.unmute,0.9841325,True
unmute the hearing aids,device.volume.unmute,unseen_semantic_stress_test,device.volume.unmute,0.9989812,True
restore the hearing aid sound,device.volume.unmute,unseen_semantic_stress_test,device.volume.unmute,0.99931335,True
I want audio again,device.volume.unmute,unseen_semantic_stress_test,device.volume.unmute,0.99927324,True
enable sound on the devices,device.volume.unmute,unseen_semantic_stress_test,device.volume.unmute,0.9837609,True
bring back the volume after silence,device.volume.unmute,unseen_semantic_stress_test,device.volume.unmute,0.88896126,True
stop muting my hearing aids,device.volume.unmute,unseen_semantic_stress_test,device.volume.decrease,0.37554497,False
turn audio back on,device.volume.unmute,unseen_semantic_stress_test,device.volume.unmute,0.9994336,True
restore what I was hearing,device.volume.unmute,unseen_semantic_stress_test,device.volume.unmute,0.99889284,True
let the hearing aids produce sound again,device.volume.unmute,unseen_semantic_stress_test,device.volume.unmute,0.99865973,True
resume the sound output,device.volume.unmute,unseen_semantic_stress_test,device.volume.decrease,0.50146955,False
remove the mute state,device.volume.unmute,unseen_semantic_stress_test,device.volume.unmute,0.9827003,True
make the devices audible again,device.volume.unmute,unseen_semantic_stress_test,device.volume.unmute,0.9915324,True
switch the hearing aids back to sound,device.volume.unmute,unseen_semantic_stress_test,device.volume.unmute,0.95647085,True
turn hearing aid audio on,device.volume.unmute,unseen_semantic_stress_test,device.volume.unmute,0.9751617,True
bring the audio back,device.volume.unmute,unseen_semantic_stress_test,device.volume.unmute,0.9981433,True
restore sound to the devices,device.volume.unmute,unseen_semantic_stress_test,device.volume.unmute,0.99944156,True
"I can hear nothing, enable the audio",device.volume.unmute,unseen_semantic_stress_test,streaming.session.start,0.37669772,False
unmute my hearing output,device.volume.unmute,unseen_semantic_stress_test,device.volume.unmute,0.9994615,True
start the sound again,device.volume.unmute,unseen_semantic_stress_test,device.volume.unmute,0.9988475,True
allow audio through the hearing aids,device.volume.unmute,unseen_semantic_stress_test,streaming.session.start,0.95190215,False
restore the previous audio,device.volume.unmute,unseen_semantic_stress_test,device.volume.unmute,0.99934405,True
turn the hearing output back on,device.volume.unmute,unseen_semantic_stress_test,device.volume.unmute,0.9993332,True
bring sound back to my devices,device.volume.unmute,unseen_semantic_stress_test,device.volume.unmute,0.99926454,True
enable the hearing aid speakers,device.volume.unmute,unseen_semantic_stress_test,device.volume.unmute,0.90503603,True
resume what was muted,device.volume.unmute,unseen_semantic_stress_test,device.volume.unmute,0.86283803,True
make the hearing aids audible,device.volume.unmute,unseen_semantic_stress_test,device.volume.decrease,0.6450273,False
switch off mute mode,device.volume.unmute,unseen_semantic_stress_test,device.memory.change,0.97388226,False
restore audio after muting,device.volume.unmute,unseen_semantic_stress_test,device.volume.unmute,0.9995128,True
turn sound back on for the hearing aids,device.volume.unmute,unseen_semantic_stress_test,device.volume.unmute,0.99950266,True
let audio come through again,device.volume.unmute,unseen_semantic_stress_test,device.volume.unmute,0.988182,True
enable the device output,device.volume.unmute,unseen_semantic_stress_test,device.volume.unmute,0.7843994,True
return the hearing aids to audible mode,device.volume.unmute,unseen_semantic_stress_test,device.volume.unmute,0.47641194,True
undo mute,device.volume.unmute,unseen_semantic_stress_test,device.volume.unmute,0.9979243,True
restore the sound level,device.volume.unmute,unseen_semantic_stress_test,device.volume.unmute,0.9567053,True
start hearing aid audio again,device.volume.unmute,unseen_semantic_stress_test,device.volume.unmute,0.9959388,True
bring back the hearing output,device.volume.unmute,unseen_semantic_stress_test,device.volume.unmute,0.99558145,True
make the devices produce sound again,device.volume.unmute,unseen_semantic_stress_test,device.volume.unmute,0.99833447,True
cancel the mute,device.volume.unmute,unseen_semantic_stress_test,device.volume.unmute,0.94429713,True
resume audio through my hearing aids,device.volume.unmute,unseen_semantic_stress_test,streaming.session.start,0.9795672,False
turn on the sound again,device.volume.unmute,unseen_semantic_stress_test,device.volume.unmute,0.99930084,True
restore hearing aid audio,device.volume.unmute,unseen_semantic_stress_test,device.volume.unmute,0.99890137,True
unmute the current output,device.volume.unmute,unseen_semantic_stress_test,device.volume.unmute,0.99735343,True
allow sound to pass through again,device.volume.unmute,unseen_semantic_stress_test,device.volume.unmute,0.80608165,True
reactivate audio on the hearing aids,device.volume.unmute,unseen_semantic_stress_test,device.volume.unmute,0.9148533,True
bring the sound back,device.volume.unmute,unseen_semantic_stress_test,device.volume.unmute,0.9961429,True
turn the audio output on again,device.volume.unmute,unseen_semantic_stress_test,device.volume.unmute,0.99951124,True
remove complete silence,device.volume.unmute,unseen_semantic_stress_test,device.volume.mute,0.6103063,False
restore audible output,device.volume.unmute,unseen_semantic_stress_test,device.volume.unmute,0.99930704,True
enable sound again,device.volume.unmute,unseen_semantic_stress_test,device.volume.unmute,0.9996656,True
where did I leave my phone,find.phone.locate,unseen_semantic_stress_test,find.phone.locate,0.99913776,True
help me locate my mobile,find.phone.locate,unseen_semantic_stress_test,find.phone.locate,0.99982965,True
find the phone for me,find.phone.locate,unseen_semantic_stress_test,find.phone.locate,0.99931896,True
I can't find my smartphone,find.phone.locate,unseen_semantic_stress_test,find.phone.locate,0.9998698,True
show me where my phone is,find.phone.locate,unseen_semantic_stress_test,find.phone.locate,0.9996215,True
locate my mobile device,find.phone.locate,unseen_semantic_stress_test,find.phone.locate,0.9997222,True
track down my phone,find.phone.locate,unseen_semantic_stress_test,find.phone.locate,0.9997429,True
where is my handset,find.phone.locate,unseen_semantic_stress_test,find.phone.locate,0.9987827,True
help find my phone,find.phone.locate,unseen_semantic_stress_test,find.phone.locate,0.99991655,True
tell me where the phone is,find.phone.locate,unseen_semantic_stress_test,find.phone.locate,0.9986003,True
I misplaced my mobile,find.phone.locate,unseen_semantic_stress_test,find.phone.locate,0.99449724,True
find my smartphone,find.phone.locate,unseen_semantic_stress_test,find.phone.locate,0.99981827,True
locate the phone I paired,find.phone.locate,unseen_semantic_stress_test,find.phone.locate,0.9990408,True
where can I find my phone,find.phone.locate,unseen_semantic_stress_test,find.phone.locate,0.9999006,True
my phone is missing,find.phone.locate,unseen_semantic_stress_test,find.phone.locate,0.9998105,True
help me find the mobile,find.phone.locate,unseen_semantic_stress_test,find.phone.locate,0.88608533,True
search for my phone,find.phone.locate,unseen_semantic_stress_test,find.phone.locate,0.99987376,True
can you locate my handset,find.phone.locate,unseen_semantic_stress_test,find.phone.locate,0.99955136,True
find the device I use as my phone,find.phone.locate,unseen_semantic_stress_test,find.phone.locate,0.9967776,True
where did my smartphone go,find.phone.locate,unseen_semantic_stress_test,find.phone.locate,0.9992409,True
locate my missing phone,find.phone.locate,unseen_semantic_stress_test,find.phone.locate,0.9999087,True
help me track my mobile,find.phone.locate,unseen_semantic_stress_test,find.phone.locate,0.9925062,True
show the location of my phone,find.phone.locate,unseen_semantic_stress_test,find.phone.locate,0.97314495,True
I need to find my phone,find.phone.locate,unseen_semantic_stress_test,find.phone.locate,0.999848,True
where is my mobile right now,find.phone.locate,unseen_semantic_stress_test,find.phone.locate,0.99927574,True
find my lost handset,find.phone.locate,unseen_semantic_stress_test,find.phone.locate,0.9991418,True
can you find my smartphone,find.phone.locate,unseen_semantic_stress_test,find.phone.locate,0.9997969,True
locate my phone please,find.phone.locate,unseen_semantic_stress_test,find.phone.locate,0.99984956,True
my mobile has disappeared,find.phone.locate,unseen_semantic_stress_test,reminders.task.complete,0.43130916,False
help me locate the handset,find.phone.locate,unseen_semantic_stress_test,find.phone.locate,0.9988908,True
track my phone,find.phone.locate,unseen_semantic_stress_test,find.phone.locate,0.99863774,True
where's my mobile device,find.phone.locate,unseen_semantic_stress_test,find.phone.locate,0.9993161,True
find the smartphone,find.phone.locate,unseen_semantic_stress_test,find.phone.locate,0.9993907,True
I need the location of my phone,find.phone.locate,unseen_semantic_stress_test,find.phone.locate,0.99622273,True
help me search for my phone,find.phone.locate,unseen_semantic_stress_test,find.phone.locate,0.9997975,True
locate the phone,find.phone.locate,unseen_semantic_stress_test,find.phone.locate,0.99973327,True
my phone is somewhere nearby,find.phone.locate,unseen_semantic_stress_test,find.phone.locate,0.9999002,True
tell me where my handset is,find.phone.locate,unseen_semantic_stress_test,find.phone.locate,0.9955018,True
find my mobile device,find.phone.locate,unseen_semantic_stress_test,find.phone.locate,0.9995647,True
where did I put my phone,find.phone.locate,unseen_semantic_stress_test,find.phone.locate,0.99938583,True
can you track down my smartphone,find.phone.locate,unseen_semantic_stress_test,find.phone.locate,0.9993363,True
locate my missing mobile,find.phone.locate,unseen_semantic_stress_test,find.phone.locate,0.999814,True
help locate my phone,find.phone.locate,unseen_semantic_stress_test,find.phone.locate,0.9999403,True
show where my handset is,find.phone.locate,unseen_semantic_stress_test,find.phone.locate,0.9991842,True
find the phone I can't see,find.phone.locate,unseen_semantic_stress_test,find.phone.locate,0.9987054,True
my smartphone is lost,find.phone.locate,unseen_semantic_stress_test,find.phone.locate,0.9992299,True
look for my phone,find.phone.locate,unseen_semantic_stress_test,find.phone.locate,0.9987656,True
where is the mobile I paired,find.phone.locate,unseen_semantic_stress_test,find.phone.locate,0.99640024,True
locate my smartphone,find.phone.locate,unseen_semantic_stress_test,find.phone.locate,0.9998925,True
help me find the handset,find.phone.locate,unseen_semantic_stress_test,find.phone.locate,0.9355623,True
find where my phone is,find.phone.locate,unseen_semantic_stress_test,find.phone.locate,0.9999199,True
track down the mobile,find.phone.locate,unseen_semantic_stress_test,find.phone.locate,0.9624053,True
can you locate my phone now,find.phone.locate,unseen_semantic_stress_test,find.phone.locate,0.999775,True
search for my missing smartphone,find.phone.locate,unseen_semantic_stress_test,find.phone.locate,0.9998945,True
show me the reminders I currently have,help.reminder.show,unseen_semantic_stress_test,help.reminder.show,0.99757713,True
what reminders are on my list,help.reminder.show,unseen_semantic_stress_test,help.reminder.show,0.99645174,True
let me see my reminders,help.reminder.show,unseen_semantic_stress_test,help.reminder.show,0.97763854,True
display my pending reminders,help.reminder.show,unseen_semantic_stress_test,help.reminder.show,0.99325895,True
which reminders are active,help.reminder.show,unseen_semantic_stress_test,help.reminder.show,0.99597955,True
tell me what I have scheduled,help.reminder.show,unseen_semantic_stress_test,help.reminder.show,0.99091995,True
show the reminders I've created,help.reminder.show,unseen_semantic_stress_test,help.reminder.show,0.9974137,True
what reminders do I have,help.reminder.show,unseen_semantic_stress_test,help.reminder.show,0.9977709,True
list my current reminders,help.reminder.show,unseen_semantic_stress_test,help.reminder.show,0.9696284,True
can I see my reminder list,help.reminder.show,unseen_semantic_stress_test,help.reminder.show,0.8371455,True
read out my reminders,help.reminder.show,unseen_semantic_stress_test,help.reminder.show,0.9811087,True
what tasks have I set reminders for,help.reminder.show,unseen_semantic_stress_test,help.reminder.show,0.99230534,True
show my reminder schedule,help.reminder.show,unseen_semantic_stress_test,help.reminder.show,0.9243123,True
which reminders are still pending,help.reminder.show,unseen_semantic_stress_test,help.reminder.show,0.9874813,True
open my reminder list,help.reminder.show,unseen_semantic_stress_test,help.reminder.show,0.50309134,True
give me a list of reminders,help.reminder.show,unseen_semantic_stress_test,help.reminder.show,0.9708026,True
what reminders are waiting,help.reminder.show,unseen_semantic_stress_test,help.reminder.show,0.9891384,True
see the reminders I have,help.reminder.show,unseen_semantic_stress_test,help.reminder.show,0.9960503,True
show all active reminders,help.reminder.show,unseen_semantic_stress_test,help.reminder.show,0.9937609,True
what did I set reminders for,help.reminder.show,unseen_semantic_stress_test,help.reminder.show,0.9369089,True
let me check my reminders,help.reminder.show,unseen_semantic_stress_test,help.reminder.show,0.7952439,True
display the reminder entries,help.reminder.show,unseen_semantic_stress_test,help.reminder.show,0.9777355,True
which reminder tasks are pending,help.reminder.show,unseen_semantic_stress_test,help.reminder.show,0.97536784,True
tell me my current reminders,help.reminder.show,unseen_semantic_stress_test,help.reminder.show,0.99674964,True
show my scheduled reminders,help.reminder.show,unseen_semantic_stress_test,help.reminder.show,0.99087733,True
what is on my reminder list,help.reminder.show,unseen_semantic_stress_test,help.reminder.show,0.98283905,True
list the reminders I have,help.reminder.show,unseen_semantic_stress_test,help.reminder.show,0.9905929,True
read my active reminders,help.reminder.show,unseen_semantic_stress_test,help.reminder.show,0.9569943,True
show me what's in reminders,help.reminder.show,unseen_semantic_stress_test,help.reminder.show,0.9963994,True
which reminders haven't been completed,help.reminder.show,unseen_semantic_stress_test,help.reminder.show,0.9915481,True
let me view the reminder list,help.reminder.show,unseen_semantic_stress_test,reminders.task.complete,0.9671993,False
give me my current reminder status,help.reminder.show,unseen_semantic_stress_test,reminders.task.complete,0.71474856,False
show existing reminders,help.reminder.show,unseen_semantic_stress_test,help.reminder.show,0.98692155,True
what reminders are currently saved,help.reminder.show,unseen_semantic_stress_test,help.reminder.show,0.9983689,True
display my reminders,help.reminder.show,unseen_semantic_stress_test,help.reminder.show,0.9955445,True
can you list my reminders,help.reminder.show,unseen_semantic_stress_test,help.reminder.show,0.98252213,True
tell me which reminders are active,help.reminder.show,unseen_semantic_stress_test,help.reminder.show,0.9976398,True
show my pending reminder tasks,help.reminder.show,unseen_semantic_stress_test,help.reminder.show,0.9731031,True
let me see saved reminders,help.reminder.show,unseen_semantic_stress_test,help.reminder.show,0.98441666,True
what reminder tasks are on file,help.reminder.show,unseen_semantic_stress_test,help.reminder.show,0.958686,True
show my outstanding reminders,help.reminder.show,unseen_semantic_stress_test,help.reminder.show,0.9765406,True
which reminders do I still have,help.reminder.show,unseen_semantic_stress_test,help.reminder.show,0.99138206,True
read my reminder list,help.reminder.show,unseen_semantic_stress_test,help.reminder.show,0.76091254,True
view my current reminders,help.reminder.show,unseen_semantic_stress_test,help.reminder.show,0.9855424,True
what have I scheduled as reminders,help.reminder.show,unseen_semantic_stress_test,help.reminder.show,0.9954041,True
show the reminder items,help.reminder.show,unseen_semantic_stress_test,help.reminder.show,0.879945,True
list my outstanding reminders,help.reminder.show,unseen_semantic_stress_test,help.reminder.show,0.962804,True
can I see what reminders I set,help.reminder.show,unseen_semantic_stress_test,help.reminder.show,0.99199694,True
display the reminders I haven't finished,help.reminder.show,unseen_semantic_stress_test,help.reminder.show,0.9957178,True
tell me about my reminders,help.reminder.show,unseen_semantic_stress_test,help.reminder.show,0.9958845,True
show my active reminder items,help.reminder.show,unseen_semantic_stress_test,help.reminder.show,0.6852374,True
let me check what reminders remain,help.reminder.show,unseen_semantic_stress_test,help.reminder.show,0.9832435,True
list all current reminder tasks,help.reminder.show,unseen_semantic_stress_test,help.reminder.show,0.8352688,True
show my reminder entries,help.reminder.show,unseen_semantic_stress_test,help.reminder.show,0.9710407,True
set a reminder for my appointment tomorrow,reminders.task.create,unseen_semantic_stress_test,reminders.task.create,0.99904865,True
remind me to call the clinic at nine,reminders.task.create,unseen_semantic_stress_test,reminders.task.create,0.9989042,True
create a new reminder for later,reminders.task.create,unseen_semantic_stress_test,reminders.task.create,0.9958103,True
add a reminder to take my keys,reminders.task.create,unseen_semantic_stress_test,reminders.task.create,0.99702686,True
put a reminder on my schedule,reminders.task.create,unseen_semantic_stress_test,reminders.task.create,0.9479076,True
schedule a reminder for this evening,reminders.task.create,unseen_semantic_stress_test,reminders.task.create,0.9985953,True
make a reminder for my meeting,reminders.task.create,unseen_semantic_stress_test,reminders.task.create,0.99499846,True
remember to remind me about the meeting,reminders.task.create,unseen_semantic_stress_test,reminders.task.create,0.9981793,True
add something to my reminders,reminders.task.create,unseen_semantic_stress_test,reminders.task.create,0.7994478,True
create a reminder for next week,reminders.task.create,unseen_semantic_stress_test,reminders.task.create,0.99462885,True
set one up so I don't forget,reminders.task.create,unseen_semantic_stress_test,reminders.task.create,0.86458945,True
add a new reminder to my list,reminders.task.create,unseen_semantic_stress_test,reminders.task.create,0.99396014,True
schedule a reminder to call John,reminders.task.create,unseen_semantic_stress_test,reminders.task.create,0.9935288,True
remind me about dinner tonight,reminders.task.create,unseen_semantic_stress_test,reminders.task.create,0.9977488,True
make a new reminder,reminders.task.create,unseen_semantic_stress_test,reminders.task.create,0.98440313,True
create an entry in my reminders,reminders.task.create,unseen_semantic_stress_test,help.reminder.show,0.7352139,False
set something to remind me tomorrow,reminders.task.create,unseen_semantic_stress_test,reminders.task.create,0.9989728,True
add a reminder for the weekend,reminders.task.create,unseen_semantic_stress_test,reminders.task.create,0.9977366,True
schedule a new reminder,reminders.task.create,unseen_semantic_stress_test,reminders.task.create,0.98998195,True
please create a reminder,reminders.task.create,unseen_semantic_stress_test,reminders.task.create,0.99478877,True
put this on my reminder list,reminders.task.create,unseen_semantic_stress_test,reminders.task.create,0.7316487,True
remind me to buy groceries,reminders.task.create,unseen_semantic_stress_test,reminders.task.create,0.9986864,True
add an appointment reminder,reminders.task.create,unseen_semantic_stress_test,reminders.task.create,0.9879318,True
create a reminder for the morning,reminders.task.create,unseen_semantic_stress_test,reminders.task.create,0.99230826,True
set a reminder for later today,reminders.task.create,unseen_semantic_stress_test,reminders.task.create,0.99843735,True
make sure I get a reminder about this,reminders.task.create,unseen_semantic_stress_test,reminders.task.create,0.99461395,True
add this as a reminder,reminders.task.create,unseen_semantic_stress_test,reminders.task.create,0.9976215,True
schedule something in reminders,reminders.task.create,unseen_semantic_stress_test,reminders.task.create,0.8528299,True
create a reminder to charge the phone,reminders.task.create,unseen_semantic_stress_test,reminders.task.create,0.9908971,True
set a reminder for my medication time,reminders.task.create,unseen_semantic_stress_test,reminders.task.create,0.9414316,True
add a new reminder for tomorrow,reminders.task.create,unseen_semantic_stress_test,reminders.task.create,0.9981274,True
remind me to send the email,reminders.task.create,unseen_semantic_stress_test,reminders.task.create,0.9965933,True
make a reminder for Friday,reminders.task.create,unseen_semantic_stress_test,reminders.task.create,0.99467343,True
create a reminder entry,reminders.task.create,unseen_semantic_stress_test,reminders.task.create,0.9804894,True
schedule a reminder for my task,reminders.task.create,unseen_semantic_stress_test,reminders.task.create,0.9384195,True
set up a reminder for the appointment,reminders.task.create,unseen_semantic_stress_test,reminders.task.create,0.99733526,True
add this task to reminders,reminders.task.create,unseen_semantic_stress_test,reminders.task.create,0.88431185,True
create a new scheduled reminder,reminders.task.create,unseen_semantic_stress_test,reminders.task.create,0.98481953,True
remind me about my call,reminders.task.create,unseen_semantic_stress_test,reminders.task.create,0.9901924,True
put a reminder in place,reminders.task.create,unseen_semantic_stress_test,reminders.task.create,0.9944436,True
set a reminder so I remember,reminders.task.create,unseen_semantic_stress_test,reminders.task.create,0.99605656,True
add another reminder,reminders.task.create,unseen_semantic_stress_test,reminders.task.create,0.98707795,True
create a reminder for tonight,reminders.task.create,unseen_semantic_stress_test,reminders.task.create,0.9968471,True
schedule my reminder,reminders.task.create,unseen_semantic_stress_test,reminders.task.create,0.79970574,True
make a reminder for the afternoon,reminders.task.create,unseen_semantic_stress_test,reminders.task.create,0.9978598,True
remind me to check the oven,reminders.task.create,unseen_semantic_stress_test,reminders.task.create,0.9987035,True
add a reminder for an upcoming task,reminders.task.create,unseen_semantic_stress_test,reminders.task.create,0.97770655,True
create a reminder about the trip,reminders.task.create,unseen_semantic_stress_test,reminders.task.create,0.9852077,True
set one for tomorrow morning,reminders.task.create,unseen_semantic_stress_test,reminders.task.create,0.9973937,True
put this into my reminder schedule,reminders.task.create,unseen_semantic_stress_test,reminders.task.create,0.9488839,True
make a new reminder entry,reminders.task.create,unseen_semantic_stress_test,reminders.task.create,0.9755652,True
add a reminder for next month,reminders.task.create,unseen_semantic_stress_test,reminders.task.create,0.9966421,True
create a reminder to call home,reminders.task.create,unseen_semantic_stress_test,reminders.task.create,0.99152607,True
schedule something as a reminder,reminders.task.create,unseen_semantic_stress_test,reminders.task.create,0.9922071,True
set up a new reminder,reminders.task.create,unseen_semantic_stress_test,reminders.task.create,0.99523324,True
mark my current reminder as done,reminders.task.complete,unseen_semantic_stress_test,reminders.task.complete,0.99935466,True
finish the reminder I just handled,reminders.task.complete,unseen_semantic_stress_test,reminders.task.complete,0.9992855,True
dismiss the reminder that is completed,reminders.task.complete,unseen_semantic_stress_test,reminders.task.complete,0.9982998,True
check off my latest reminder,reminders.task.complete,unseen_semantic_stress_test,reminders.task.complete,0.9977452,True
clear the reminder I finished,reminders.task.complete,unseen_semantic_stress_test,reminders.task.complete,0.9990368,True
mark that reminder complete,reminders.task.complete,unseen_semantic_stress_test,reminders.task.complete,0.999395,True
remove the reminder I have already done,reminders.task.complete,unseen_semantic_stress_test,reminders.task.complete,0.9836985,True
complete my pending reminder,reminders.task.complete,unseen_semantic_stress_test,reminders.task.complete,0.9985397,True
close out the reminder I finished,reminders.task.complete,unseen_semantic_stress_test,reminders.task.complete,0.9994803,True
mark the task behind the reminder as complete,reminders.task.complete,unseen_semantic_stress_test,reminders.task.complete,0.9995815,True
"I've done it, complete that reminder",reminders.task.complete,unseen_semantic_stress_test,reminders.task.complete,0.9995053,True
dismiss my completed reminder,reminders.task.complete,unseen_semantic_stress_test,reminders.task.complete,0.99903417,True
check that reminder off my list,reminders.task.complete,unseen_semantic_stress_test,reminders.task.complete,0.99534106,True
finish the active reminder,reminders.task.complete,unseen_semantic_stress_test,reminders.task.complete,0.99932134,True
mark the reminder as completed,reminders.task.complete,unseen_semantic_stress_test,reminders.task.complete,0.9994005,True
clear my finished reminder,reminders.task.complete,unseen_semantic_stress_test,reminders.task.complete,0.99940896,True
complete the reminder task,reminders.task.complete,unseen_semantic_stress_test,reminders.task.complete,0.99929285,True
remove the reminder after finishing it,reminders.task.complete,unseen_semantic_stress_test,reminders.task.complete,0.9492317,True
close the reminder I completed,reminders.task.complete,unseen_semantic_stress_test,reminders.task.complete,0.99920326,True
mark my reminder done,reminders.task.complete,unseen_semantic_stress_test,reminders.task.complete,0.9995703,True
"I finished that task, clear its reminder",reminders.task.complete,unseen_semantic_stress_test,reminders.task.complete,0.9996082,True
complete my latest reminder,reminders.task.complete,unseen_semantic_stress_test,reminders.task.complete,0.9992052,True
dismiss the reminder I no longer need,reminders.task.complete,unseen_semantic_stress_test,reminders.task.complete,0.9000788,True
check off the task I was reminded about,reminders.task.complete,unseen_semantic_stress_test,reminders.task.complete,0.99754983,True
mark that reminder as finished,reminders.task.complete,unseen_semantic_stress_test,reminders.task.complete,0.99946934,True
clear the completed reminder,reminders.task.complete,unseen_semantic_stress_test,reminders.task.complete,0.9987318,True
finish the reminder task,reminders.task.complete,unseen_semantic_stress_test,reminders.task.complete,0.99963856,True
complete the active reminder,reminders.task.complete,unseen_semantic_stress_test,reminders.task.complete,0.99882334,True
remove the reminder I just completed,reminders.task.complete,unseen_semantic_stress_test,reminders.task.complete,0.9976407,True
mark this reminder done,reminders.task.complete,unseen_semantic_stress_test,reminders.task.complete,0.99940014,True
dismiss my current reminder,reminders.task.complete,unseen_semantic_stress_test,reminders.task.complete,0.99635315,True
check off my reminder,reminders.task.complete,unseen_semantic_stress_test,reminders.task.complete,0.99666256,True
finish the reminder that's pending,reminders.task.complete,unseen_semantic_stress_test,reminders.task.complete,0.99933165,True
complete that reminder now,reminders.task.complete,unseen_semantic_stress_test,reminders.task.complete,0.99711084,True
clear the reminder I handled,reminders.task.complete,unseen_semantic_stress_test,reminders.task.complete,0.98518246,True
mark my outstanding reminder complete,reminders.task.complete,unseen_semantic_stress_test,reminders.task.complete,0.998572,True
close my completed reminder,reminders.task.complete,unseen_semantic_stress_test,reminders.task.complete,0.999403,True
finish my active reminder,reminders.task.complete,unseen_semantic_stress_test,reminders.task.complete,0.99950993,True
complete the reminder I just dealt with,reminders.task.complete,unseen_semantic_stress_test,reminders.task.complete,0.99883586,True
remove my finished reminder,reminders.task.complete,unseen_semantic_stress_test,reminders.task.complete,0.9989773,True
mark the current reminder as completed,reminders.task.complete,unseen_semantic_stress_test,reminders.task.complete,0.99906164,True
dismiss the reminder after completing it,reminders.task.complete,unseen_semantic_stress_test,reminders.task.complete,0.9649787,True
check the reminder off as done,reminders.task.complete,unseen_semantic_stress_test,reminders.task.complete,0.9983449,True
complete my pending reminder task,reminders.task.complete,unseen_semantic_stress_test,reminders.task.complete,0.9987903,True
clear the task reminder I finished,reminders.task.complete,unseen_semantic_stress_test,reminders.task.complete,0.99910104,True
mark that item complete,reminders.task.complete,unseen_semantic_stress_test,reminders.task.complete,0.99889153,True
finish this reminder,reminders.task.complete,unseen_semantic_stress_test,reminders.task.complete,0.99934727,True
remove the completed reminder,reminders.task.complete,unseen_semantic_stress_test,reminders.task.complete,0.99599046,True
complete the current reminder,reminders.task.complete,unseen_semantic_stress_test,reminders.task.complete,0.9982028,True
close out this reminder,reminders.task.complete,unseen_semantic_stress_test,reminders.task.complete,0.9988819,True
mark the reminder finished,reminders.task.complete,unseen_semantic_stress_test,reminders.task.complete,0.99956673,True
clear my completed task reminder,reminders.task.complete,unseen_semantic_stress_test,reminders.task.complete,0.9989605,True
check off the current reminder,reminders.task.complete,unseen_semantic_stress_test,reminders.task.complete,0.99787045,True
complete the reminder item,reminders.task.complete,unseen_semantic_stress_test,reminders.task.complete,0.99391276,True
send audio from my phone to the hearing aids,streaming.session.start,unseen_semantic_stress_test,streaming.session.start,0.99858785,True
start streaming music into my hearing aids,streaming.session.start,unseen_semantic_stress_test,streaming.session.start,0.99943465,True
connect the laptop audio to my devices,streaming.session.start,unseen_semantic_stress_test,streaming.session.start,0.99949455,True
play my tablet sound through the hearing aids,streaming.session.start,unseen_semantic_stress_test,streaming.session.start,0.9971205,True
route the phone's audio to my hearing aids,streaming.session.start,unseen_semantic_stress_test,streaming.session.start,0.9982316,True
begin streaming from my mobile,streaming.session.start,unseen_semantic_stress_test,streaming.session.start,0.9983822,True
let me hear the TV through my hearing aids,streaming.session.start,unseen_semantic_stress_test,streaming.session.start,0.9851576,True
start an audio connection with my phone,streaming.session.start,unseen_semantic_stress_test,streaming.session.start,0.9976852,True
stream sound from the computer,streaming.session.start,unseen_semantic_stress_test,streaming.session.start,0.9959584,True
connect my hearing aids to the television audio,streaming.session.start,unseen_semantic_stress_test,streaming.session.start,0.9992939,True
start sending media audio to my devices,streaming.session.start,unseen_semantic_stress_test,streaming.session.start,0.9994361,True
play the phone through my hearing aids,streaming.session.start,unseen_semantic_stress_test,streaming.session.start,0.99791807,True
begin streaming from the laptop,streaming.session.start,unseen_semantic_stress_test,streaming.session.start,0.9963168,True
route music into my hearing aids,streaming.session.start,unseen_semantic_stress_test,streaming.session.start,0.99166566,True
connect to my tablet for audio,streaming.session.start,unseen_semantic_stress_test,streaming.session.start,0.99921465,True
start the streaming session,streaming.session.start,unseen_semantic_stress_test,streaming.session.start,0.9983754,True
send the computer sound to my hearing aids,streaming.session.start,unseen_semantic_stress_test,streaming.session.start,0.99009913,True
play TV audio through the devices,streaming.session.start,unseen_semantic_stress_test,streaming.session.start,0.99918455,True
start streaming from my smartphone,streaming.session.start,unseen_semantic_stress_test,streaming.session.start,0.99601245,True
connect my hearing aids to the media source,streaming.session.start,unseen_semantic_stress_test,streaming.session.start,0.99760723,True
begin routing audio from the phone,streaming.session.start,unseen_semantic_stress_test,streaming.session.start,0.99856216,True
stream the laptop's sound to my devices,streaming.session.start,unseen_semantic_stress_test,streaming.session.start,0.9991709,True
let the hearing aids receive TV audio,streaming.session.start,unseen_semantic_stress_test,streaming.session.start,0.98738956,True
start a connection for media sound,streaming.session.start,unseen_semantic_stress_test,streaming.session.start,0.9979475,True
send music directly to my hearing aids,streaming.session.start,unseen_semantic_stress_test,streaming.session.start,0.99851865,True
begin audio streaming,streaming.session.start,unseen_semantic_stress_test,streaming.session.start,0.99868625,True
connect the hearing aids for streaming,streaming.session.start,unseen_semantic_stress_test,streaming.session.start,0.9992692,True
route my tablet audio to the devices,streaming.session.start,unseen_semantic_stress_test,streaming.session.start,0.9991493,True
start playing phone audio through the hearing aids,streaming.session.start,unseen_semantic_stress_test,streaming.session.start,0.996752,True
stream audio from my computer,streaming.session.start,unseen_semantic_stress_test,streaming.session.start,0.99926907,True
connect to the TV audio,streaming.session.start,unseen_semantic_stress_test,streaming.session.start,0.9984326,True
begin streaming media to the hearing aids,streaming.session.start,unseen_semantic_stress_test,streaming.session.start,0.99915755,True
start routing sound from my phone,streaming.session.start,unseen_semantic_stress_test,streaming.session.start,0.98958254,True
play the computer audio through my devices,streaming.session.start,unseen_semantic_stress_test,streaming.session.start,0.9992106,True
establish the audio stream,streaming.session.start,unseen_semantic_stress_test,streaming.session.start,0.96982557,True
start sending sound to the hearing aids,streaming.session.start,unseen_semantic_stress_test,streaming.session.start,0.99475396,True
connect my phone for streaming,streaming.session.start,unseen_semantic_stress_test,streaming.session.start,0.9988231,True
begin the media audio connection,streaming.session.start,unseen_semantic_stress_test,streaming.session.start,0.9990658,True
stream sound from the television,streaming.session.start,unseen_semantic_stress_test,streaming.session.start,0.99464595,True
route audio from my laptop,streaming.session.start,unseen_semantic_stress_test,streaming.session.start,0.99939466,True
start streaming from my tablet,streaming.session.start,unseen_semantic_stress_test,streaming.session.start,0.9988794,True
send TV sound into the hearing aids,streaming.session.start,unseen_semantic_stress_test,device.volume.unmute,0.61213404,False
open the audio stream,streaming.session.start,unseen_semantic_stress_test,streaming.session.start,0.9618255,True
connect the devices to my phone audio,streaming.session.start,unseen_semantic_stress_test,streaming.session.start,0.9991468,True
start streaming the media,streaming.session.start,unseen_semantic_stress_test,streaming.session.start,0.9987937,True
begin playing audio through the hearing aids,streaming.session.start,unseen_semantic_stress_test,streaming.session.start,0.99746907,True
route music from my smartphone,streaming.session.start,unseen_semantic_stress_test,find.phone.locate,0.99041885,False
start the hearing aid streaming connection,streaming.session.start,unseen_semantic_stress_test,streaming.session.start,0.9992028,True
connect my laptop audio,streaming.session.start,unseen_semantic_stress_test,streaming.session.start,0.9993253,True
begin streaming from the TV,streaming.session.start,unseen_semantic_stress_test,streaming.session.start,0.997447,True
send media sound to my hearing aids,streaming.session.start,unseen_semantic_stress_test,streaming.session.start,0.98151577,True
start an audio stream from the phone,streaming.session.start,unseen_semantic_stress_test,streaming.session.start,0.99929464,True
route my computer's sound to the devices,streaming.session.start,unseen_semantic_stress_test,streaming.session.start,0.99062145,True
connect for audio streaming,streaming.session.start,unseen_semantic_stress_test,streaming.session.start,0.9992267,True
stop sending audio to my hearing aids,streaming.session.stop,unseen_semantic_stress_test,streaming.session.stop,0.9882633,True
end the current streaming session,streaming.session.stop,unseen_semantic_stress_test,streaming.session.stop,0.9982278,True
disconnect the phone audio,streaming.session.stop,unseen_semantic_stress_test,streaming.session.stop,0.9991973,True
stop streaming from my laptop,streaming.session.stop,unseen_semantic_stress_test,streaming.session.stop,0.99962056,True
end the media connection,streaming.session.stop,unseen_semantic_stress_test,streaming.session.stop,0.99793136,True
disconnect my hearing aids from the TV audio,streaming.session.stop,unseen_semantic_stress_test,streaming.session.stop,0.9974673,True
stop the audio stream,streaming.session.stop,unseen_semantic_stress_test,streaming.session.stop,0.99967146,True
turn off the current streaming connection,streaming.session.stop,unseen_semantic_stress_test,streaming.session.stop,0.9992124,True
end streaming now,streaming.session.stop,unseen_semantic_stress_test,streaming.session.stop,0.9971812,True
stop routing sound from the phone,streaming.session.stop,unseen_semantic_stress_test,streaming.session.stop,0.85242945,True
disconnect the tablet audio,streaming.session.stop,unseen_semantic_stress_test,streaming.session.stop,0.9996284,True
finish the current streaming session,streaming.session.stop,unseen_semantic_stress_test,streaming.session.stop,0.9918113,True
stop sending media sound to the devices,streaming.session.stop,unseen_semantic_stress_test,streaming.session.stop,0.99501014,True
disconnect the laptop from my hearing aids,streaming.session.stop,unseen_semantic_stress_test,streaming.session.stop,0.9980342,True
end the audio stream,streaming.session.stop,unseen_semantic_stress_test,streaming.session.stop,0.996191,True
stop streaming music,streaming.session.stop,unseen_semantic_stress_test,streaming.session.stop,0.99958736,True
break the current audio connection,streaming.session.stop,unseen_semantic_stress_test,streaming.session.start,0.85696673,False
disconnect the hearing aids from the phone,streaming.session.stop,unseen_semantic_stress_test,streaming.session.stop,0.9947589,True
stop the TV audio stream,streaming.session.stop,unseen_semantic_stress_test,streaming.session.stop,0.999534,True
close the streaming session,streaming.session.stop,unseen_semantic_stress_test,streaming.session.stop,0.999005,True
end the connection carrying audio,streaming.session.stop,unseen_semantic_stress_test,streaming.session.stop,0.8837549,True
stop routing the computer sound,streaming.session.stop,unseen_semantic_stress_test,device.volume.unmute,0.58993113,False
disconnect from the media source,streaming.session.stop,unseen_semantic_stress_test,streaming.session.stop,0.99971014,True
finish streaming,streaming.session.stop,unseen_semantic_stress_test,streaming.session.stop,0.9617155,True
stop the audio coming from my phone,streaming.session.stop,unseen_semantic_stress_test,streaming.session.stop,0.9974101,True
end the current media stream,streaming.session.stop,unseen_semantic_stress_test,streaming.session.stop,0.99828374,True
disconnect the hearing aids from the laptop,streaming.session.stop,unseen_semantic_stress_test,streaming.session.stop,0.9970215,True
stop the streaming connection,streaming.session.stop,unseen_semantic_stress_test,streaming.session.stop,0.9996679,True
turn off audio streaming,streaming.session.stop,unseen_semantic_stress_test,streaming.session.stop,0.99428976,True
end the phone audio connection,streaming.session.stop,unseen_semantic_stress_test,streaming.session.stop,0.99841976,True
stop sending TV sound,streaming.session.stop,unseen_semantic_stress_test,streaming.session.stop,0.96229935,True
disconnect the tablet from the hearing aids,streaming.session.stop,unseen_semantic_stress_test,streaming.session.stop,0.9971656,True
close the audio stream,streaming.session.stop,unseen_semantic_stress_test,streaming.session.stop,0.99648476,True
finish the streaming session,streaming.session.stop,unseen_semantic_stress_test,streaming.session.stop,0.996234,True
stop media audio,streaming.session.stop,unseen_semantic_stress_test,streaming.session.stop,0.9935668,True
break the streaming link,streaming.session.stop,unseen_semantic_stress_test,streaming.session.start,0.9936492,False
disconnect the computer audio,streaming.session.stop,unseen_semantic_stress_test,streaming.session.stop,0.99939287,True
stop the current stream,streaming.session.stop,unseen_semantic_stress_test,streaming.session.stop,0.9993857,True
end audio streaming,streaming.session.stop,unseen_semantic_stress_test,streaming.session.stop,0.99400204,True
remove the active streaming connection,streaming.session.stop,unseen_semantic_stress_test,streaming.session.stop,0.9957131,True
stop routing sound to my devices,streaming.session.stop,unseen_semantic_stress_test,streaming.session.stop,0.6360734,True
disconnect from the TV,streaming.session.stop,unseen_semantic_stress_test,streaming.session.stop,0.9995049,True
finish the current audio connection,streaming.session.stop,unseen_semantic_stress_test,streaming.session.stop,0.9652031,True
stop the phone stream,streaming.session.stop,unseen_semantic_stress_test,streaming.session.stop,0.9998266,True
close the media connection,streaming.session.stop,unseen_semantic_stress_test,streaming.session.stop,0.9972601,True
end streaming from the laptop,streaming.session.stop,unseen_semantic_stress_test,streaming.session.stop,0.9993843,True
disconnect the audio source,streaming.session.stop,unseen_semantic_stress_test,streaming.session.stop,0.99956936,True
stop streaming to the hearing aids,streaming.session.stop,unseen_semantic_stress_test,streaming.session.stop,0.9960813,True
terminate the active audio stream,streaming.session.stop,unseen_semantic_stress_test,streaming.session.stop,0.99149984,True
disconnect my phone audio,streaming.session.stop,unseen_semantic_stress_test,streaming.session.stop,0.9990503,True
end the hearing aid streaming session,streaming.session.stop,unseen_semantic_stress_test,streaming.session.stop,0.9902659,True
stop the media connection,streaming.session.stop,unseen_semantic_stress_test,streaming.session.stop,0.9988438,True
close the current stream,streaming.session.stop,unseen_semantic_stress_test,streaming.session.stop,0.9961278,True
disconnect from the laptop audio,streaming.session.stop,unseen_semantic_stress_test,streaming.session.stop,0.99969006,True
finish audio streaming,streaming.session.stop,unseen_semantic_stress_test,streaming.session.start,0.90346175,False
