text,intent,source,v3_pred,v4_pred,v3_confidence,v4_confidence,v3_correct,v4_correct,regression
switch my hearing aid to the restaurant program,device.memory.change,unseen_semantic_stress_test,device.memory.change,device.memory.change,0.97685975,0.8901685,True,True,SAME
put my hearing aids into the phone setting,device.memory.change,unseen_semantic_stress_test,device.memory.change,streaming.session.stop,0.8334455,0.59951377,True,False,V3_ONLY
change the current hearing program to music,device.memory.change,unseen_semantic_stress_test,device.memory.change,device.memory.change,0.97533256,0.89115113,True,True,SAME
use my outdoor hearing setting,device.memory.change,unseen_semantic_stress_test,device.memory.change,device.memory.change,0.9764752,0.88970965,True,True,SAME
move to the television listening program,device.memory.change,unseen_semantic_stress_test,device.memory.change,device.memory.change,0.9102235,0.8469071,True,True,SAME
change which hearing aid program is active,device.memory.change,unseen_semantic_stress_test,device.memory.change,device.memory.change,0.9196353,0.888897,True,True,SAME
switch from my current hearing mode to the phone mode,device.memory.change,unseen_semantic_stress_test,device.memory.change,streaming.session.stop,0.82527405,0.8336294,True,False,V3_ONLY
select a different hearing profile,device.memory.change,unseen_semantic_stress_test,device.memory.change,reminders.task.create,0.98269707,0.7651826,True,False,V3_ONLY
change the hearing setting I'm using now,device.memory.change,unseen_semantic_stress_test,device.memory.change,device.memory.change,0.97646415,0.7398453,True,True,SAME
put the devices into the program I use for conversations,device.memory.change,unseen_semantic_stress_test,device.memory.change,device.memory.change,0.88221496,0.8522069,True,True,SAME
switch the active memory on my hearing aids,device.memory.change,unseen_semantic_stress_test,device.memory.change,device.memory.change,0.89907634,0.8752202,True,True,SAME
choose another hearing aid environment,device.memory.change,unseen_semantic_stress_test,device.memory.change,device.volume.increase,0.40014985,0.4309898,True,False,V3_ONLY
move my hearing aids to the music profile,device.memory.change,unseen_semantic_stress_test,streaming.session.start,streaming.session.start,0.6715952,0.72688013,False,False,SAME
change the program for my hearing aids,device.memory.change,unseen_semantic_stress_test,device.memory.change,device.memory.change,0.9540674,0.8917505,True,True,SAME
select the telephone hearing program,device.memory.change,unseen_semantic_stress_test,device.memory.change,device.memory.change,0.9394403,0.8683824,True,True,SAME
switch to my custom hearing setting,device.memory.change,unseen_semantic_stress_test,device.memory.change,device.memory.change,0.98010784,0.8809187,True,True,SAME
change the active hearing memory,device.memory.change,unseen_semantic_stress_test,device.memory.change,device.memory.change,0.97132707,0.897454,True,True,SAME
put my hearing aids in the program for watching TV,device.memory.change,unseen_semantic_stress_test,device.memory.change,device.memory.change,0.7454114,0.85905343,True,True,SAME
use a different hearing profile right now,device.memory.change,unseen_semantic_stress_test,device.memory.change,reminders.task.create,0.965647,0.6615261,True,False,V3_ONLY
switch my devices to another listening mode,device.memory.change,unseen_semantic_stress_test,device.memory.change,device.memory.change,0.8451842,0.722766,True,True,SAME
change the memory currently selected,device.memory.change,unseen_semantic_stress_test,device.memory.change,device.memory.change,0.96612275,0.8832617,True,True,SAME
move to my conversation program,device.memory.change,unseen_semantic_stress_test,device.memory.change,device.memory.change,0.97905356,0.8879732,True,True,SAME
select the hearing mode for noisy places,device.memory.change,unseen_semantic_stress_test,device.memory.change,device.volume.mute,0.8645781,0.71691006,True,False,V3_ONLY
switch the hearing aids to my preferred program,device.memory.change,unseen_semantic_stress_test,device.memory.change,device.memory.change,0.9475274,0.8605608,True,True,SAME
change the current listening profile,device.memory.change,unseen_semantic_stress_test,device.memory.change,device.memory.change,0.9825404,0.87867194,True,True,SAME
activate another hearing program,device.memory.change,unseen_semantic_stress_test,device.memory.change,device.memory.change,0.97497094,0.88840896,True,True,SAME
put the hearing aids on the setting I use outdoors,device.memory.change,unseen_semantic_stress_test,device.memory.change,device.memory.change,0.93191874,0.6990745,True,True,SAME
switch to the program for phone calls,device.memory.change,unseen_semantic_stress_test,device.memory.change,device.memory.change,0.9715476,0.8864728,True,True,SAME
change which memory my hearing aids are using,device.memory.change,unseen_semantic_stress_test,device.memory.change,device.memory.change,0.9243586,0.8771284,True,True,SAME
select a different sound program,device.memory.change,unseen_semantic_stress_test,device.memory.change,device.memory.change,0.96845955,0.86106986,True,True,SAME
move from this hearing program to another one,device.memory.change,unseen_semantic_stress_test,device.memory.change,device.memory.change,0.9677442,0.82419425,True,True,SAME
change my current device setting,device.memory.change,unseen_semantic_stress_test,device.memory.change,device.memory.change,0.98707867,0.89570653,True,True,SAME
switch to my TV listening profile,device.memory.change,unseen_semantic_stress_test,device.memory.change,streaming.session.start,0.88621956,0.5091162,True,False,V3_ONLY
activate the restaurant hearing program,device.memory.change,unseen_semantic_stress_test,device.memory.change,device.memory.change,0.97977954,0.8799591,True,True,SAME
choose another memory for the hearing aids,device.memory.change,unseen_semantic_stress_test,device.memory.change,device.memory.change,0.889454,0.88850975,True,True,SAME
change the listening environment setting,device.memory.change,unseen_semantic_stress_test,device.memory.change,device.memory.change,0.97811776,0.87280923,True,True,SAME
switch my hearing aids into telephone mode,device.memory.change,unseen_semantic_stress_test,device.memory.change,device.memory.change,0.9054221,0.84223396,True,True,SAME
select my music hearing profile,device.memory.change,unseen_semantic_stress_test,streaming.session.start,streaming.session.start,0.87722576,0.8323258,False,False,SAME
move to a different hearing memory,device.memory.change,unseen_semantic_stress_test,device.memory.change,device.memory.change,0.99013746,0.88619775,True,True,SAME
change the program that is active,device.memory.change,unseen_semantic_stress_test,device.memory.change,device.memory.change,0.97120464,0.89077175,True,True,SAME
switch the devices to another acoustic setting,device.memory.change,unseen_semantic_stress_test,device.memory.change,device.memory.change,0.9631257,0.8374292,True,True,SAME
choose the hearing program I need now,device.memory.change,unseen_semantic_stress_test,device.memory.change,device.memory.change,0.96808326,0.877676,True,True,SAME
change from the current memory to my outdoor one,device.memory.change,unseen_semantic_stress_test,device.memory.change,device.memory.change,0.9753248,0.6331563,True,True,SAME
activate my conversation setting,device.memory.change,unseen_semantic_stress_test,device.memory.change,device.memory.change,0.94618857,0.8784083,True,True,SAME
switch the current hearing profile,device.memory.change,unseen_semantic_stress_test,device.memory.change,device.memory.change,0.9547322,0.88692766,True,True,SAME
pick another program for my hearing aids,device.memory.change,unseen_semantic_stress_test,device.memory.change,device.memory.change,0.9223636,0.88862747,True,True,SAME
change the active memory setting,device.memory.change,unseen_semantic_stress_test,device.memory.change,device.memory.change,0.9842174,0.900062,True,True,SAME
put the devices into a different listening program,device.memory.change,unseen_semantic_stress_test,device.memory.change,device.memory.change,0.89917684,0.8245388,True,True,SAME
switch to another hearing environment,device.memory.change,unseen_semantic_stress_test,device.memory.change,device.memory.change,0.97183764,0.80797213,True,True,SAME
select the phone program on my hearing aids,device.memory.change,unseen_semantic_stress_test,device.memory.change,device.memory.change,0.71187013,0.72706854,True,True,SAME
change my hearing aids from the current program,device.memory.change,unseen_semantic_stress_test,device.memory.change,streaming.session.stop,0.9251365,0.44066873,True,False,V3_ONLY
activate a different hearing profile,device.memory.change,unseen_semantic_stress_test,device.memory.change,device.memory.change,0.97909445,0.25232002,True,True,SAME
switch the listening memory to another option,device.memory.change,unseen_semantic_stress_test,device.memory.change,device.memory.change,0.953983,0.8933949,True,True,SAME
make the sound a little softer,device.volume.decrease,unseen_semantic_stress_test,device.volume.decrease,device.volume.decrease,0.9873121,0.47145033,True,True,SAME
lower what I'm hearing without silencing it,device.volume.decrease,unseen_semantic_stress_test,device.volume.decrease,reminders.task.create,0.9916209,0.8404507,True,False,V3_ONLY
"the hearing aids are too loud, turn them down",device.volume.decrease,unseen_semantic_stress_test,device.volume.decrease,device.volume.decrease,0.9883554,0.6419145,True,True,SAME
reduce the audio level slightly,device.volume.decrease,unseen_semantic_stress_test,device.volume.decrease,streaming.session.start,0.9911271,0.7277192,True,False,V3_ONLY
I need less volume but I still want to hear,device.volume.decrease,unseen_semantic_stress_test,device.volume.decrease,device.volume.increase,0.9684931,0.49532872,True,False,V3_ONLY
make the sound quieter,device.volume.decrease,unseen_semantic_stress_test,device.volume.decrease,device.volume.decrease,0.9932683,0.6795113,True,True,SAME
bring the volume down a notch,device.volume.decrease,unseen_semantic_stress_test,device.volume.decrease,device.volume.decrease,0.9872047,0.7024327,True,True,SAME
turn the audio down a little,device.volume.decrease,unseen_semantic_stress_test,device.volume.decrease,device.volume.increase,0.9850537,0.65473324,True,False,V3_ONLY
reduce how loud the hearing aids are,device.volume.decrease,unseen_semantic_stress_test,device.volume.decrease,device.volume.increase,0.9907885,0.6563928,True,False,V3_ONLY
make everything less loud,device.volume.decrease,unseen_semantic_stress_test,device.volume.decrease,device.volume.decrease,0.9910493,0.47747084,True,True,SAME
drop the listening level slightly,device.volume.decrease,unseen_semantic_stress_test,device.volume.decrease,device.volume.decrease,0.98791736,0.53253657,True,True,SAME
"the sound is too strong, lower it",device.volume.decrease,unseen_semantic_stress_test,device.volume.decrease,device.volume.increase,0.99178326,0.505924,True,False,V3_ONLY
give me a softer volume,device.volume.decrease,unseen_semantic_stress_test,device.volume.decrease,device.volume.increase,0.9871715,0.4582854,True,False,V3_ONLY
turn down the hearing level,device.volume.decrease,unseen_semantic_stress_test,device.volume.decrease,device.volume.decrease,0.99311185,0.6371485,True,True,SAME
reduce the loudness but keep the sound on,device.volume.decrease,unseen_semantic_stress_test,device.volume.decrease,device.volume.increase,0.9865563,0.51593477,True,False,V3_ONLY
make my hearing aids quieter,device.volume.decrease,unseen_semantic_stress_test,device.volume.decrease,device.volume.decrease,0.9906934,0.69774246,True,True,SAME
lower the current volume,device.volume.decrease,unseen_semantic_stress_test,device.volume.decrease,device.volume.decrease,0.99410665,0.7078593,True,True,SAME
take the volume down a bit,device.volume.decrease,unseen_semantic_stress_test,device.volume.decrease,device.volume.decrease,0.99166286,0.4376163,True,True,SAME
the audio is too loud for me,device.volume.decrease,unseen_semantic_stress_test,device.volume.decrease,device.volume.increase,0.9651235,0.62132454,True,False,V3_ONLY
soften the sound coming through the devices,device.volume.decrease,unseen_semantic_stress_test,device.volume.decrease,device.volume.mute,0.9773756,0.5530324,True,False,V3_ONLY
reduce the hearing aid volume,device.volume.decrease,unseen_semantic_stress_test,device.volume.decrease,device.volume.decrease,0.99347985,0.6928654,True,True,SAME
turn the sound lower,device.volume.decrease,unseen_semantic_stress_test,device.volume.decrease,device.volume.decrease,0.9912805,0.6545202,True,True,SAME
make the audio less intense,device.volume.decrease,unseen_semantic_stress_test,device.volume.decrease,streaming.session.start,0.9877417,0.83809,True,False,V3_ONLY
I want the volume reduced,device.volume.decrease,unseen_semantic_stress_test,device.volume.decrease,device.volume.decrease,0.9910067,0.67306495,True,True,SAME
bring the sound level down,device.volume.decrease,unseen_semantic_stress_test,device.volume.decrease,device.volume.decrease,0.99224997,0.6913932,True,True,SAME
make it quieter while keeping audio available,device.volume.decrease,unseen_semantic_stress_test,device.volume.decrease,device.volume.decrease,0.9833614,0.7021427,True,True,SAME
lower the output a little,device.volume.decrease,unseen_semantic_stress_test,device.volume.decrease,device.volume.increase,0.9916823,0.40991247,True,False,V3_ONLY
reduce the current listening volume,device.volume.decrease,unseen_semantic_stress_test,device.volume.decrease,device.volume.decrease,0.990553,0.6675694,True,True,SAME
turn the hearing aids down,device.volume.decrease,unseen_semantic_stress_test,device.volume.decrease,device.volume.decrease,0.98973644,0.6907854,True,True,SAME
make the audio more comfortable by lowering it,device.volume.decrease,unseen_semantic_stress_test,device.volume.increase,device.volume.increase,0.91908354,0.7209919,False,False,SAME
decrease the sound level,device.volume.decrease,unseen_semantic_stress_test,device.volume.decrease,device.volume.decrease,0.992607,0.6825437,True,True,SAME
the hearing aids need to be quieter,device.volume.decrease,unseen_semantic_stress_test,device.volume.decrease,device.volume.decrease,0.9464153,0.70345354,True,True,SAME
reduce the volume one step,device.volume.decrease,unseen_semantic_stress_test,device.volume.decrease,device.volume.decrease,0.9919807,0.46634722,True,True,SAME
make the listening level lower,device.volume.decrease,unseen_semantic_stress_test,device.volume.decrease,device.volume.decrease,0.99169266,0.68758756,True,True,SAME
turn down what I hear,device.volume.decrease,unseen_semantic_stress_test,device.volume.decrease,device.volume.increase,0.99070346,0.31124198,True,False,V3_ONLY
lower the device volume slightly,device.volume.decrease,unseen_semantic_stress_test,device.volume.decrease,device.volume.decrease,0.9946083,0.70552814,True,True,SAME
the sound is a bit too loud,device.volume.decrease,unseen_semantic_stress_test,device.volume.decrease,device.volume.increase,0.98719484,0.6640921,True,False,V3_ONLY
bring the audio level down,device.volume.decrease,unseen_semantic_stress_test,device.volume.decrease,device.volume.decrease,0.9909253,0.57682586,True,True,SAME
make the hearing output softer,device.volume.decrease,unseen_semantic_stress_test,device.volume.decrease,device.volume.decrease,0.9895807,0.58286023,True,True,SAME
reduce how much sound I'm getting,device.volume.decrease,unseen_semantic_stress_test,device.volume.decrease,help.reminder.show,0.9849562,0.6593569,True,False,V3_ONLY
turn the volume down without muting,device.volume.decrease,unseen_semantic_stress_test,device.volume.decrease,device.volume.mute,0.98779327,0.7705398,True,False,V3_ONLY
give me less sound,device.volume.decrease,unseen_semantic_stress_test,device.volume.decrease,device.volume.decrease,0.98095155,0.67143637,True,True,SAME
lower the hearing aid output,device.volume.decrease,unseen_semantic_stress_test,device.volume.decrease,device.volume.mute,0.9923935,0.5170121,True,False,V3_ONLY
quiet the audio somewhat,device.volume.decrease,unseen_semantic_stress_test,device.volume.decrease,device.volume.increase,0.98400116,0.3715457,True,False,V3_ONLY
reduce the loudness a little,device.volume.decrease,unseen_semantic_stress_test,device.volume.decrease,device.volume.increase,0.9914175,0.6538161,True,False,V3_ONLY
turn the sound down but leave it audible,device.volume.decrease,unseen_semantic_stress_test,device.volume.decrease,device.volume.decrease,0.9867046,0.5595806,True,True,SAME
make my current volume lower,device.volume.decrease,unseen_semantic_stress_test,device.volume.decrease,device.volume.decrease,0.9920608,0.6087075,True,True,SAME
decrease the listening level,device.volume.decrease,unseen_semantic_stress_test,device.volume.decrease,device.volume.decrease,0.9910239,0.60974616,True,True,SAME
take the audio down slightly,device.volume.decrease,unseen_semantic_stress_test,device.volume.decrease,reminders.task.create,0.9211782,0.41401157,True,False,V3_ONLY
make the hearing aids less loud,device.volume.decrease,unseen_semantic_stress_test,device.volume.decrease,device.volume.decrease,0.9905461,0.6059642,True,True,SAME
lower the sound coming from the devices,device.volume.decrease,unseen_semantic_stress_test,device.volume.decrease,streaming.session.stop,0.9861288,0.5198402,True,False,V3_ONLY
reduce the volume but don't turn it off,device.volume.decrease,unseen_semantic_stress_test,device.volume.decrease,device.volume.mute,0.98522675,0.781451,True,False,V3_ONLY
soften the hearing aid output,device.volume.decrease,unseen_semantic_stress_test,device.volume.decrease,device.volume.decrease,0.9891004,0.57011485,True,True,SAME
turn it down just a little,device.volume.decrease,unseen_semantic_stress_test,device.volume.decrease,device.volume.decrease,0.985479,0.5831948,True,True,SAME
make the hearing aids louder,device.volume.increase,unseen_semantic_stress_test,device.volume.increase,device.volume.increase,0.9933216,0.7711906,True,True,SAME
raise the sound level a little,device.volume.increase,unseen_semantic_stress_test,device.volume.increase,device.volume.increase,0.99016565,0.7715586,True,True,SAME
I need more volume,device.volume.increase,unseen_semantic_stress_test,device.volume.increase,device.volume.increase,0.98047996,0.7570801,True,True,SAME
"the audio is too quiet, increase it",device.volume.increase,unseen_semantic_stress_test,device.volume.increase,device.volume.increase,0.99075097,0.762721,True,True,SAME
boost what I'm hearing,device.volume.increase,unseen_semantic_stress_test,device.volume.increase,reminders.task.create,0.9924189,0.82838005,True,False,V3_ONLY
turn the sound up,device.volume.increase,unseen_semantic_stress_test,device.volume.increase,device.volume.increase,0.9872798,0.7790649,True,True,SAME
make everything louder,device.volume.increase,unseen_semantic_stress_test,device.volume.increase,device.volume.increase,0.9926918,0.78125095,True,True,SAME
give me a stronger listening level,device.volume.increase,unseen_semantic_stress_test,device.volume.decrease,reminders.task.create,0.7231791,0.763208,False,False,SAME
raise the hearing aid volume,device.volume.increase,unseen_semantic_stress_test,device.volume.increase,device.volume.increase,0.9926025,0.77389145,True,True,SAME
the sound needs to be louder,device.volume.increase,unseen_semantic_stress_test,device.volume.increase,reminders.task.create,0.9844788,0.53016734,True,False,V3_ONLY
increase the audio output,device.volume.increase,unseen_semantic_stress_test,device.volume.increase,device.volume.increase,0.9894237,0.64233327,True,True,SAME
bring the volume up a notch,device.volume.increase,unseen_semantic_stress_test,device.volume.increase,device.volume.increase,0.9887955,0.7557533,True,True,SAME
make the hearing output stronger,device.volume.increase,unseen_semantic_stress_test,device.volume.increase,reminders.task.create,0.76103204,0.86675614,True,False,V3_ONLY
turn up what I hear,device.volume.increase,unseen_semantic_stress_test,device.volume.increase,device.volume.increase,0.9861887,0.4831813,True,True,SAME
add a little more volume,device.volume.increase,unseen_semantic_stress_test,device.volume.increase,device.volume.increase,0.9771523,0.6024726,True,True,SAME
raise the listening level,device.volume.increase,unseen_semantic_stress_test,device.volume.increase,device.volume.increase,0.9888476,0.76063657,True,True,SAME
"I can barely hear, make it louder",device.volume.increase,unseen_semantic_stress_test,device.volume.increase,device.volume.increase,0.9914262,0.73787224,True,True,SAME
increase the loudness,device.volume.increase,unseen_semantic_stress_test,device.volume.increase,device.volume.increase,0.9928705,0.75043625,True,True,SAME
boost the audio slightly,device.volume.increase,unseen_semantic_stress_test,device.volume.increase,streaming.session.start,0.9899503,0.6156966,True,False,V3_ONLY
make the sound more prominent,device.volume.increase,unseen_semantic_stress_test,device.volume.increase,device.volume.increase,0.9812075,0.76129526,True,True,SAME
turn the hearing aids up,device.volume.increase,unseen_semantic_stress_test,device.volume.increase,device.volume.increase,0.98680854,0.77032214,True,True,SAME
give me more sound,device.volume.increase,unseen_semantic_stress_test,device.volume.increase,device.volume.increase,0.90875477,0.7583107,True,True,SAME
raise the current volume,device.volume.increase,unseen_semantic_stress_test,device.volume.increase,device.volume.increase,0.9930901,0.7693766,True,True,SAME
the hearing aids are too quiet,device.volume.increase,unseen_semantic_stress_test,device.volume.increase,device.volume.decrease,0.6745276,0.6199632,True,False,V3_ONLY
increase what comes through the devices,device.volume.increase,unseen_semantic_stress_test,device.volume.increase,device.volume.increase,0.9833777,0.4065921,True,True,SAME
make the audio louder without changing the program,device.volume.increase,unseen_semantic_stress_test,device.volume.increase,device.volume.increase,0.9731329,0.6687527,True,True,SAME
turn up the output,device.volume.increase,unseen_semantic_stress_test,device.volume.increase,device.volume.increase,0.9814481,0.765441,True,True,SAME
bring the sound level higher,device.volume.increase,unseen_semantic_stress_test,device.volume.increase,device.volume.decrease,0.9829418,0.6184967,True,False,V3_ONLY
make my hearing aids louder,device.volume.increase,unseen_semantic_stress_test,device.volume.increase,device.volume.increase,0.9926992,0.7723017,True,True,SAME
raise the audio level,device.volume.increase,unseen_semantic_stress_test,device.volume.increase,device.volume.increase,0.9901183,0.7453347,True,True,SAME
add more sound,device.volume.increase,unseen_semantic_stress_test,device.volume.increase,device.volume.increase,0.89644426,0.7699386,True,True,SAME
increase the hearing volume,device.volume.increase,unseen_semantic_stress_test,device.volume.increase,device.volume.increase,0.99444026,0.7770871,True,True,SAME
make the listening output stronger,device.volume.increase,unseen_semantic_stress_test,device.volume.increase,reminders.task.create,0.64029616,0.8607423,True,False,V3_ONLY
turn the volume higher,device.volume.increase,unseen_semantic_stress_test,device.volume.increase,device.volume.decrease,0.9906866,0.52265817,True,False,V3_ONLY
boost what is coming through,device.volume.increase,unseen_semantic_stress_test,device.volume.increase,streaming.session.start,0.98745465,0.3786485,True,False,V3_ONLY
raise the sound a little,device.volume.increase,unseen_semantic_stress_test,device.volume.increase,device.volume.increase,0.98996836,0.7720232,True,True,SAME
I want more audio,device.volume.increase,unseen_semantic_stress_test,device.volume.increase,device.volume.increase,0.9788957,0.6378511,True,True,SAME
make the device output louder,device.volume.increase,unseen_semantic_stress_test,device.volume.increase,device.volume.increase,0.99233377,0.7616368,True,True,SAME
increase the listening level,device.volume.increase,unseen_semantic_stress_test,device.volume.increase,device.volume.increase,0.99021965,0.75197446,True,True,SAME
the current volume is too low,device.volume.increase,unseen_semantic_stress_test,device.volume.increase,device.volume.decrease,0.9523812,0.69386363,True,False,V3_ONLY
turn up the hearing output,device.volume.increase,unseen_semantic_stress_test,device.volume.increase,device.volume.increase,0.9810714,0.71027374,True,True,SAME
make the audio less quiet,device.volume.increase,unseen_semantic_stress_test,device.volume.decrease,streaming.session.start,0.9911272,0.7648522,False,False,SAME
raise the device volume,device.volume.increase,unseen_semantic_stress_test,device.volume.increase,device.volume.increase,0.99214315,0.7788437,True,True,SAME
give the sound a boost,device.volume.increase,unseen_semantic_stress_test,device.volume.increase,device.volume.increase,0.98559684,0.75811,True,True,SAME
increase the volume one step,device.volume.increase,unseen_semantic_stress_test,device.volume.increase,device.volume.increase,0.9914794,0.7631245,True,True,SAME
make what I'm hearing louder,device.volume.increase,unseen_semantic_stress_test,device.volume.increase,reminders.task.create,0.9936434,0.30123752,True,False,V3_ONLY
turn the sound up slightly,device.volume.increase,unseen_semantic_stress_test,device.volume.increase,device.volume.increase,0.9872798,0.78054714,True,True,SAME
boost the hearing aid level,device.volume.increase,unseen_semantic_stress_test,device.volume.increase,device.volume.increase,0.9923821,0.7185686,True,True,SAME
raise the loudness,device.volume.increase,unseen_semantic_stress_test,device.volume.increase,device.volume.increase,0.992015,0.7649971,True,True,SAME
more volume please,device.volume.increase,unseen_semantic_stress_test,device.volume.increase,device.volume.increase,0.9795995,0.76612383,True,True,SAME
increase the current audio level,device.volume.increase,unseen_semantic_stress_test,device.volume.increase,device.volume.increase,0.99126095,0.75433105,True,True,SAME
make the hearing output louder,device.volume.increase,unseen_semantic_stress_test,device.volume.increase,device.volume.increase,0.99268407,0.7827585,True,True,SAME
turn it up but keep the same program,device.volume.increase,unseen_semantic_stress_test,device.volume.increase,reminders.task.create,0.939295,0.42461896,True,False,V3_ONLY
strengthen the sound coming through,device.volume.increase,unseen_semantic_stress_test,device.volume.mute,device.volume.mute,0.39877415,0.26704183,False,False,SAME
silence my hearing aids completely,device.volume.mute,unseen_semantic_stress_test,device.volume.mute,device.volume.mute,0.9953811,0.7816502,True,True,SAME
stop all sound from the devices,device.volume.mute,unseen_semantic_stress_test,device.volume.mute,streaming.session.stop,0.98400426,0.78568506,True,False,V3_ONLY
I don't want to hear any audio right now,device.volume.mute,unseen_semantic_stress_test,device.volume.mute,streaming.session.start,0.9312154,0.78824943,True,False,V3_ONLY
make the hearing aids completely silent,device.volume.mute,unseen_semantic_stress_test,device.volume.mute,device.volume.mute,0.9936208,0.7854421,True,True,SAME
turn the sound off entirely,device.volume.mute,unseen_semantic_stress_test,device.volume.mute,device.volume.mute,0.9945476,0.7793554,True,True,SAME
mute the hearing aids,device.volume.mute,unseen_semantic_stress_test,device.volume.mute,device.volume.mute,0.9915589,0.7767805,True,True,SAME
shut off the audio output,device.volume.mute,unseen_semantic_stress_test,device.volume.mute,streaming.session.stop,0.8135247,0.82652736,True,False,V3_ONLY
give me complete silence,device.volume.mute,unseen_semantic_stress_test,device.volume.mute,reminders.task.complete,0.9752077,0.6837721,True,False,V3_ONLY
stop the sound completely,device.volume.mute,unseen_semantic_stress_test,device.volume.mute,device.volume.mute,0.95516753,0.78474754,True,True,SAME
turn off all hearing aid audio,device.volume.mute,unseen_semantic_stress_test,device.volume.mute,device.volume.mute,0.9950052,0.6240026,True,True,SAME
I need the devices to be silent,device.volume.mute,unseen_semantic_stress_test,device.volume.mute,reminders.task.create,0.9768634,0.7705254,True,False,V3_ONLY
cut the sound off completely,device.volume.mute,unseen_semantic_stress_test,device.volume.mute,device.volume.mute,0.9919497,0.76631594,True,True,SAME
silence everything I'm hearing,device.volume.mute,unseen_semantic_stress_test,device.volume.mute,device.memory.change,0.993887,0.67521435,True,False,V3_ONLY
make the audio stop,device.volume.mute,unseen_semantic_stress_test,device.volume.mute,device.volume.mute,0.49527013,0.787619,True,True,SAME
turn off the hearing output,device.volume.mute,unseen_semantic_stress_test,device.volume.mute,streaming.session.stop,0.94395447,0.4174896,True,False,V3_ONLY
no sound from my hearing aids,device.volume.mute,unseen_semantic_stress_test,device.volume.mute,device.volume.mute,0.96755755,0.61907125,True,True,SAME
completely silence the devices,device.volume.mute,unseen_semantic_stress_test,device.volume.mute,device.volume.mute,0.99483633,0.7866303,True,True,SAME
stop all audio through the hearing aids,device.volume.mute,unseen_semantic_stress_test,device.volume.mute,streaming.session.start,0.9882194,0.73485357,True,False,V3_ONLY
make them quiet with no sound at all,device.volume.mute,unseen_semantic_stress_test,device.volume.mute,device.volume.mute,0.9659264,0.73161924,True,True,SAME
switch the hearing aids to complete silence,device.volume.mute,unseen_semantic_stress_test,device.volume.mute,device.memory.change,0.93146926,0.8516248,True,False,V3_ONLY
I need total silence,device.volume.mute,unseen_semantic_stress_test,device.volume.mute,device.volume.mute,0.98969954,0.5751583,True,True,SAME
mute all audio,device.volume.mute,unseen_semantic_stress_test,device.volume.mute,device.volume.mute,0.9947678,0.7584981,True,True,SAME
stop what is playing through my hearing aids,device.volume.mute,unseen_semantic_stress_test,device.volume.mute,streaming.session.stop,0.43001592,0.6973018,True,False,V3_ONLY
turn the hearing aid sound completely off,device.volume.mute,unseen_semantic_stress_test,device.volume.mute,device.volume.mute,0.9957824,0.78910804,True,True,SAME
silence the audio output,device.volume.mute,unseen_semantic_stress_test,device.volume.mute,streaming.session.start,0.991147,0.37046477,True,False,V3_ONLY
make there be no sound,device.volume.mute,unseen_semantic_stress_test,device.volume.mute,device.volume.decrease,0.97938836,0.6104385,True,False,V3_ONLY
shut the hearing aid audio off,device.volume.mute,unseen_semantic_stress_test,device.volume.mute,device.volume.mute,0.994055,0.64699894,True,True,SAME
stop hearing anything through the devices,device.volume.mute,unseen_semantic_stress_test,device.volume.mute,streaming.session.stop,0.70516455,0.7737325,True,False,V3_ONLY
turn off the sound entirely,device.volume.mute,unseen_semantic_stress_test,device.volume.mute,device.volume.mute,0.99441046,0.78070354,True,True,SAME
silence my hearing output,device.volume.mute,unseen_semantic_stress_test,device.volume.mute,device.volume.mute,0.9887784,0.772538,True,True,SAME
remove all sound from the hearing aids,device.volume.mute,unseen_semantic_stress_test,device.volume.mute,streaming.session.start,0.9951859,0.7462889,True,False,V3_ONLY
I want complete silence from the devices,device.volume.mute,unseen_semantic_stress_test,device.volume.mute,streaming.session.stop,0.9891945,0.7125209,True,False,V3_ONLY
mute the current audio,device.volume.mute,unseen_semantic_stress_test,device.volume.mute,device.volume.mute,0.99073726,0.74709845,True,True,SAME
stop the hearing aid output,device.volume.mute,unseen_semantic_stress_test,device.volume.mute,device.volume.mute,0.5568795,0.46150118,True,True,SAME
make the devices produce no sound,device.volume.mute,unseen_semantic_stress_test,device.volume.mute,device.volume.mute,0.9908869,0.73173237,True,True,SAME
turn everything audible off,device.volume.mute,unseen_semantic_stress_test,device.volume.mute,device.volume.mute,0.9789434,0.6107313,True,True,SAME
completely mute the hearing aids,device.volume.mute,unseen_semantic_stress_test,device.volume.mute,device.volume.mute,0.9949838,0.6923435,True,True,SAME
stop all sound coming through,device.volume.mute,unseen_semantic_stress_test,device.volume.mute,device.volume.mute,0.9933721,0.6488098,True,True,SAME
silence the current hearing output,device.volume.mute,unseen_semantic_stress_test,device.volume.mute,device.volume.mute,0.98573583,0.58922106,True,True,SAME
turn off what I'm hearing,device.volume.mute,unseen_semantic_stress_test,device.volume.mute,reminders.task.create,0.9407109,0.76234466,True,False,V3_ONLY
make the hearing aids silent,device.volume.mute,unseen_semantic_stress_test,device.volume.mute,device.volume.mute,0.98777837,0.7789078,True,True,SAME
no audio should come through,device.volume.mute,unseen_semantic_stress_test,device.volume.unmute,device.memory.change,0.34126166,0.7328727,False,False,SAME
shut down the sound output,device.volume.mute,unseen_semantic_stress_test,device.volume.decrease,device.volume.decrease,0.98835564,0.48033923,False,False,SAME
mute the current hearing aid audio,device.volume.mute,unseen_semantic_stress_test,device.volume.mute,device.volume.mute,0.9935129,0.7704515,True,True,SAME
stop the audio completely,device.volume.mute,unseen_semantic_stress_test,device.volume.mute,device.volume.mute,0.6895282,0.78640014,True,True,SAME
give me zero sound,device.volume.mute,unseen_semantic_stress_test,device.volume.mute,device.volume.decrease,0.4881903,0.6190431,True,False,V3_ONLY
turn all hearing aid audio off,device.volume.mute,unseen_semantic_stress_test,device.volume.mute,device.volume.mute,0.99457824,0.6896324,True,True,SAME
silence the devices now,device.volume.mute,unseen_semantic_stress_test,device.volume.mute,device.volume.mute,0.99579287,0.6378302,True,True,SAME
make the output completely silent,device.volume.mute,unseen_semantic_stress_test,device.volume.mute,device.volume.mute,0.983602,0.7631698,True,True,SAME
stop all audible output,device.volume.mute,unseen_semantic_stress_test,device.volume.mute,device.volume.mute,0.9811879,0.40463945,True,True,SAME
mute what I'm hearing,device.volume.mute,unseen_semantic_stress_test,device.volume.mute,device.volume.unmute,0.98850995,0.22063729,True,False,V3_ONLY
turn the hearing sound off,device.volume.mute,unseen_semantic_stress_test,device.volume.mute,device.volume.mute,0.9923282,0.7696483,True,True,SAME
no sound at all please,device.volume.mute,unseen_semantic_stress_test,device.volume.mute,device.volume.mute,0.9879083,0.736308,True,True,SAME
completely shut off the audio,device.volume.mute,unseen_semantic_stress_test,device.volume.mute,device.volume.mute,0.9898435,0.75904894,True,True,SAME
bring the sound back after muting,device.volume.unmute,unseen_semantic_stress_test,device.volume.unmute,device.volume.unmute,0.9824868,0.8294478,True,True,SAME
restore audio to my hearing aids,device.volume.unmute,unseen_semantic_stress_test,device.volume.unmute,device.volume.unmute,0.9691009,0.81903106,True,True,SAME
let me hear through the devices again,device.volume.unmute,unseen_semantic_stress_test,device.volume.unmute,streaming.session.start,0.96980774,0.7530627,True,False,V3_ONLY
turn the sound back on,device.volume.unmute,unseen_semantic_stress_test,device.volume.unmute,device.volume.unmute,0.99205947,0.8414122,True,True,SAME
resume audio output,device.volume.unmute,unseen_semantic_stress_test,device.volume.unmute,streaming.session.start,0.98141575,0.8296972,True,False,V3_ONLY
unmute the hearing aids,device.volume.unmute,unseen_semantic_stress_test,device.volume.unmute,device.volume.unmute,0.9935954,0.8220787,True,True,SAME
restore the hearing aid sound,device.volume.unmute,unseen_semantic_stress_test,device.volume.unmute,device.volume.unmute,0.9930875,0.83698577,True,True,SAME
I want audio again,device.volume.unmute,unseen_semantic_stress_test,device.volume.unmute,device.volume.increase,0.98955554,0.40018025,True,False,V3_ONLY
enable sound on the devices,device.volume.unmute,unseen_semantic_stress_test,device.volume.unmute,device.volume.decrease,0.8147734,0.6551118,True,False,V3_ONLY
bring back the volume after silence,device.volume.unmute,unseen_semantic_stress_test,device.volume.unmute,device.volume.mute,0.5037673,0.69308126,True,False,V3_ONLY
stop muting my hearing aids,device.volume.unmute,unseen_semantic_stress_test,device.volume.unmute,device.volume.mute,0.8307315,0.7238158,True,False,V3_ONLY
turn audio back on,device.volume.unmute,unseen_semantic_stress_test,device.volume.unmute,device.volume.unmute,0.9930608,0.83454627,True,True,SAME
restore what I was hearing,device.volume.unmute,unseen_semantic_stress_test,device.volume.unmute,device.volume.unmute,0.95266145,0.5058644,True,True,SAME
let the hearing aids produce sound again,device.volume.unmute,unseen_semantic_stress_test,device.volume.unmute,device.volume.unmute,0.9914089,0.81921697,True,True,SAME
resume the sound output,device.volume.unmute,unseen_semantic_stress_test,device.volume.unmute,device.volume.decrease,0.9870099,0.39451137,True,False,V3_ONLY
remove the mute state,device.volume.unmute,unseen_semantic_stress_test,device.volume.unmute,device.volume.unmute,0.9890582,0.7976034,True,True,SAME
make the devices audible again,device.volume.unmute,unseen_semantic_stress_test,device.volume.unmute,device.volume.unmute,0.98146814,0.6649232,True,True,SAME
switch the hearing aids back to sound,device.volume.unmute,unseen_semantic_stress_test,device.volume.unmute,device.volume.unmute,0.97818893,0.7805363,True,True,SAME
turn hearing aid audio on,device.volume.unmute,unseen_semantic_stress_test,device.volume.unmute,device.volume.mute,0.9774215,0.49017265,True,False,V3_ONLY
bring the audio back,device.volume.unmute,unseen_semantic_stress_test,device.volume.unmute,device.volume.unmute,0.9866145,0.8159046,True,True,SAME
restore sound to the devices,device.volume.unmute,unseen_semantic_stress_test,device.volume.unmute,device.volume.unmute,0.98951274,0.82179666,True,True,SAME
"I can hear nothing, enable the audio",device.volume.unmute,unseen_semantic_stress_test,streaming.session.start,device.volume.increase,0.4777078,0.6398275,False,False,SAME
unmute my hearing output,device.volume.unmute,unseen_semantic_stress_test,device.volume.unmute,device.volume.unmute,0.9918419,0.81733936,True,True,SAME
start the sound again,device.volume.unmute,unseen_semantic_stress_test,device.volume.unmute,streaming.session.start,0.94419396,0.8067388,True,False,V3_ONLY
allow audio through the hearing aids,device.volume.unmute,unseen_semantic_stress_test,streaming.session.start,streaming.session.start,0.83220273,0.84403396,False,False,SAME
restore the previous audio,device.volume.unmute,unseen_semantic_stress_test,device.volume.unmute,device.volume.unmute,0.99254334,0.818226,True,True,SAME
turn the hearing output back on,device.volume.unmute,unseen_semantic_stress_test,device.volume.unmute,device.volume.unmute,0.9882945,0.82824045,True,True,SAME
bring sound back to my devices,device.volume.unmute,unseen_semantic_stress_test,device.volume.unmute,device.volume.unmute,0.9660474,0.83451957,True,True,SAME
enable the hearing aid speakers,device.volume.unmute,unseen_semantic_stress_test,device.volume.unmute,streaming.session.start,0.9482017,0.54189163,True,False,V3_ONLY
resume what was muted,device.volume.unmute,unseen_semantic_stress_test,device.volume.unmute,device.volume.mute,0.9071728,0.7105703,True,False,V3_ONLY
make the hearing aids audible,device.volume.unmute,unseen_semantic_stress_test,device.volume.mute,device.volume.mute,0.7966255,0.54041415,False,False,SAME
switch off mute mode,device.volume.unmute,unseen_semantic_stress_test,device.memory.change,device.memory.change,0.6828461,0.7751039,False,False,SAME
restore audio after muting,device.volume.unmute,unseen_semantic_stress_test,device.volume.unmute,device.volume.unmute,0.99073154,0.67697495,True,True,SAME
turn sound back on for the hearing aids,device.volume.unmute,unseen_semantic_stress_test,device.volume.unmute,device.volume.unmute,0.99191743,0.83621126,True,True,SAME
let audio come through again,device.volume.unmute,unseen_semantic_stress_test,device.volume.unmute,streaming.session.start,0.95019495,0.82129157,True,False,V3_ONLY
enable the device output,device.volume.unmute,unseen_semantic_stress_test,device.volume.unmute,device.volume.decrease,0.6164174,0.523186,True,False,V3_ONLY
return the hearing aids to audible mode,device.volume.unmute,unseen_semantic_stress_test,device.volume.unmute,device.volume.mute,0.97922426,0.67691517,True,False,V3_ONLY
undo mute,device.volume.unmute,unseen_semantic_stress_test,device.volume.unmute,device.volume.unmute,0.9906302,0.8060561,True,True,SAME
restore the sound level,device.volume.unmute,unseen_semantic_stress_test,device.volume.unmute,device.volume.unmute,0.7331336,0.8142017,True,True,SAME
start hearing aid audio again,device.volume.unmute,unseen_semantic_stress_test,device.volume.unmute,streaming.session.start,0.97213644,0.8454777,True,False,V3_ONLY
bring back the hearing output,device.volume.unmute,unseen_semantic_stress_test,device.volume.unmute,device.volume.mute,0.97060376,0.6372491,True,False,V3_ONLY
make the devices produce sound again,device.volume.unmute,unseen_semantic_stress_test,device.volume.unmute,device.volume.unmute,0.9903543,0.8223769,True,True,SAME
cancel the mute,device.volume.unmute,unseen_semantic_stress_test,device.volume.unmute,device.volume.mute,0.9799706,0.5731098,True,False,V3_ONLY
resume audio through my hearing aids,device.volume.unmute,unseen_semantic_stress_test,device.volume.unmute,streaming.session.start,0.97240597,0.8432319,True,False,V3_ONLY
turn on the sound again,device.volume.unmute,unseen_semantic_stress_test,device.volume.unmute,device.volume.unmute,0.9912521,0.8039909,True,True,SAME
restore hearing aid audio,device.volume.unmute,unseen_semantic_stress_test,device.volume.unmute,device.volume.unmute,0.9931681,0.83260095,True,True,SAME
unmute the current output,device.volume.unmute,unseen_semantic_stress_test,device.volume.unmute,device.volume.unmute,0.98729277,0.8011679,True,True,SAME
allow sound to pass through again,device.volume.unmute,unseen_semantic_stress_test,device.volume.unmute,streaming.session.start,0.9834906,0.39646542,True,False,V3_ONLY
reactivate audio on the hearing aids,device.volume.unmute,unseen_semantic_stress_test,device.volume.unmute,device.volume.unmute,0.9885548,0.7956761,True,True,SAME
bring the sound back,device.volume.unmute,unseen_semantic_stress_test,device.volume.unmute,device.volume.unmute,0.9659097,0.83647776,True,True,SAME
turn the audio output on again,device.volume.unmute,unseen_semantic_stress_test,device.volume.unmute,device.volume.unmute,0.98887104,0.69480056,True,True,SAME
remove complete silence,device.volume.unmute,unseen_semantic_stress_test,device.volume.mute,reminders.task.complete,0.7932684,0.83596295,False,False,SAME
restore audible output,device.volume.unmute,unseen_semantic_stress_test,device.volume.unmute,device.volume.unmute,0.9877291,0.82844716,True,True,SAME
enable sound again,device.volume.unmute,unseen_semantic_stress_test,device.volume.unmute,device.volume.increase,0.99176824,0.65673167,True,False,V3_ONLY
where did I leave my phone,find.phone.locate,unseen_semantic_stress_test,find.phone.locate,find.phone.locate,0.97793895,0.8923032,True,True,SAME
help me locate my mobile,find.phone.locate,unseen_semantic_stress_test,find.phone.locate,find.phone.locate,0.97585154,0.8920143,True,True,SAME
find the phone for me,find.phone.locate,unseen_semantic_stress_test,find.phone.locate,find.phone.locate,0.9644152,0.89068913,True,True,SAME
I can't find my smartphone,find.phone.locate,unseen_semantic_stress_test,find.phone.locate,find.phone.locate,0.98263997,0.88516766,True,True,SAME
show me where my phone is,find.phone.locate,unseen_semantic_stress_test,find.phone.locate,find.phone.locate,0.97474754,0.88777345,True,True,SAME
locate my mobile device,find.phone.locate,unseen_semantic_stress_test,find.phone.locate,find.phone.locate,0.99018735,0.8959484,True,True,SAME
track down my phone,find.phone.locate,unseen_semantic_stress_test,find.phone.locate,find.phone.locate,0.97325325,0.8819603,True,True,SAME
where is my handset,find.phone.locate,unseen_semantic_stress_test,find.phone.locate,find.phone.locate,0.9655636,0.8922213,True,True,SAME
help find my phone,find.phone.locate,unseen_semantic_stress_test,find.phone.locate,find.phone.locate,0.98972553,0.8894738,True,True,SAME
tell me where the phone is,find.phone.locate,unseen_semantic_stress_test,find.phone.locate,find.phone.locate,0.9523474,0.8862204,True,True,SAME
I misplaced my mobile,find.phone.locate,unseen_semantic_stress_test,find.phone.locate,find.phone.locate,0.9712498,0.87702936,True,True,SAME
find my smartphone,find.phone.locate,unseen_semantic_stress_test,find.phone.locate,find.phone.locate,0.98798776,0.89212865,True,True,SAME
locate the phone I paired,find.phone.locate,unseen_semantic_stress_test,find.phone.locate,find.phone.locate,0.9867194,0.8916052,True,True,SAME
where can I find my phone,find.phone.locate,unseen_semantic_stress_test,find.phone.locate,find.phone.locate,0.9715532,0.8938118,True,True,SAME
my phone is missing,find.phone.locate,unseen_semantic_stress_test,find.phone.locate,find.phone.locate,0.9809941,0.8473008,True,True,SAME
help me find the mobile,find.phone.locate,unseen_semantic_stress_test,find.phone.locate,find.phone.locate,0.96777713,0.8951967,True,True,SAME
search for my phone,find.phone.locate,unseen_semantic_stress_test,find.phone.locate,find.phone.locate,0.98537236,0.8903965,True,True,SAME
can you locate my handset,find.phone.locate,unseen_semantic_stress_test,find.phone.locate,find.phone.locate,0.9655725,0.8881022,True,True,SAME
find the device I use as my phone,find.phone.locate,unseen_semantic_stress_test,find.phone.locate,find.phone.locate,0.9802085,0.88908786,True,True,SAME
where did my smartphone go,find.phone.locate,unseen_semantic_stress_test,find.phone.locate,find.phone.locate,0.977512,0.8928256,True,True,SAME
locate my missing phone,find.phone.locate,unseen_semantic_stress_test,find.phone.locate,find.phone.locate,0.98966557,0.89501876,True,True,SAME
help me track my mobile,find.phone.locate,unseen_semantic_stress_test,find.phone.locate,find.phone.locate,0.9363959,0.89222354,True,True,SAME
show the location of my phone,find.phone.locate,unseen_semantic_stress_test,find.phone.locate,find.phone.locate,0.94800663,0.6707618,True,True,SAME
I need to find my phone,find.phone.locate,unseen_semantic_stress_test,find.phone.locate,find.phone.locate,0.9839708,0.8876314,True,True,SAME
where is my mobile right now,find.phone.locate,unseen_semantic_stress_test,find.phone.locate,find.phone.locate,0.96180034,0.8907477,True,True,SAME
find my lost handset,find.phone.locate,unseen_semantic_stress_test,find.phone.locate,find.phone.locate,0.96739376,0.89339423,True,True,SAME
can you find my smartphone,find.phone.locate,unseen_semantic_stress_test,find.phone.locate,find.phone.locate,0.9832244,0.89113647,True,True,SAME
locate my phone please,find.phone.locate,unseen_semantic_stress_test,find.phone.locate,find.phone.locate,0.9866882,0.8937185,True,True,SAME
my mobile has disappeared,find.phone.locate,unseen_semantic_stress_test,find.phone.locate,find.phone.locate,0.89730257,0.8703388,True,True,SAME
help me locate the handset,find.phone.locate,unseen_semantic_stress_test,find.phone.locate,find.phone.locate,0.90927124,0.8883714,True,True,SAME
track my phone,find.phone.locate,unseen_semantic_stress_test,find.phone.locate,find.phone.locate,0.9796275,0.888791,True,True,SAME
where's my mobile device,find.phone.locate,unseen_semantic_stress_test,find.phone.locate,find.phone.locate,0.9687055,0.89315146,True,True,SAME
find the smartphone,find.phone.locate,unseen_semantic_stress_test,find.phone.locate,find.phone.locate,0.98746896,0.8899231,True,True,SAME
I need the location of my phone,find.phone.locate,unseen_semantic_stress_test,find.phone.locate,find.phone.locate,0.53626084,0.8856205,True,True,SAME
help me search for my phone,find.phone.locate,unseen_semantic_stress_test,find.phone.locate,find.phone.locate,0.98518515,0.8885286,True,True,SAME
locate the phone,find.phone.locate,unseen_semantic_stress_test,find.phone.locate,find.phone.locate,0.9904867,0.89403546,True,True,SAME
my phone is somewhere nearby,find.phone.locate,unseen_semantic_stress_test,find.phone.locate,find.phone.locate,0.9853902,0.88975424,True,True,SAME
tell me where my handset is,find.phone.locate,unseen_semantic_stress_test,find.phone.locate,find.phone.locate,0.89797497,0.8843911,True,True,SAME
find my mobile device,find.phone.locate,unseen_semantic_stress_test,find.phone.locate,find.phone.locate,0.98387676,0.8918366,True,True,SAME
where did I put my phone,find.phone.locate,unseen_semantic_stress_test,find.phone.locate,find.phone.locate,0.9797963,0.8898986,True,True,SAME
can you track down my smartphone,find.phone.locate,unseen_semantic_stress_test,find.phone.locate,find.phone.locate,0.9786097,0.88054633,True,True,SAME
locate my missing mobile,find.phone.locate,unseen_semantic_stress_test,find.phone.locate,find.phone.locate,0.98569643,0.8959293,True,True,SAME
help locate my phone,find.phone.locate,unseen_semantic_stress_test,find.phone.locate,find.phone.locate,0.9889951,0.890861,True,True,SAME
show where my handset is,find.phone.locate,unseen_semantic_stress_test,find.phone.locate,find.phone.locate,0.95177835,0.8886809,True,True,SAME
find the phone I can't see,find.phone.locate,unseen_semantic_stress_test,find.phone.locate,find.phone.locate,0.97672504,0.8697799,True,True,SAME
my smartphone is lost,find.phone.locate,unseen_semantic_stress_test,find.phone.locate,find.phone.locate,0.97659826,0.8890517,True,True,SAME
look for my phone,find.phone.locate,unseen_semantic_stress_test,find.phone.locate,find.phone.locate,0.96963006,0.8754275,True,True,SAME
where is the mobile I paired,find.phone.locate,unseen_semantic_stress_test,find.phone.locate,find.phone.locate,0.8100133,0.8918457,True,True,SAME
locate my smartphone,find.phone.locate,unseen_semantic_stress_test,find.phone.locate,find.phone.locate,0.9891817,0.8909748,True,True,SAME
help me find the handset,find.phone.locate,unseen_semantic_stress_test,find.phone.locate,find.phone.locate,0.94891995,0.89213717,True,True,SAME
find where my phone is,find.phone.locate,unseen_semantic_stress_test,find.phone.locate,find.phone.locate,0.98439276,0.89634615,True,True,SAME
track down the mobile,find.phone.locate,unseen_semantic_stress_test,find.phone.locate,find.phone.locate,0.8292948,0.88400567,True,True,SAME
can you locate my phone now,find.phone.locate,unseen_semantic_stress_test,find.phone.locate,find.phone.locate,0.979425,0.8753414,True,True,SAME
search for my missing smartphone,find.phone.locate,unseen_semantic_stress_test,find.phone.locate,find.phone.locate,0.9852019,0.87482405,True,True,SAME
show me the reminders I currently have,help.reminder.show,unseen_semantic_stress_test,help.reminder.show,help.reminder.show,0.9847297,0.77466565,True,True,SAME
what reminders are on my list,help.reminder.show,unseen_semantic_stress_test,help.reminder.show,help.reminder.show,0.9839078,0.82949376,True,True,SAME
let me see my reminders,help.reminder.show,unseen_semantic_stress_test,help.reminder.show,help.reminder.show,0.966338,0.43099472,True,True,SAME
display my pending reminders,help.reminder.show,unseen_semantic_stress_test,help.reminder.show,help.reminder.show,0.977377,0.7362092,True,True,SAME
which reminders are active,help.reminder.show,unseen_semantic_stress_test,help.reminder.show,help.reminder.show,0.9810503,0.8037643,True,True,SAME
tell me what I have scheduled,help.reminder.show,unseen_semantic_stress_test,reminders.task.create,reminders.task.create,0.3107957,0.8707542,False,False,SAME
show the reminders I've created,help.reminder.show,unseen_semantic_stress_test,help.reminder.show,help.reminder.show,0.93385327,0.8261454,True,True,SAME
what reminders do I have,help.reminder.show,unseen_semantic_stress_test,help.reminder.show,help.reminder.show,0.9834871,0.8301071,True,True,SAME
list my current reminders,help.reminder.show,unseen_semantic_stress_test,help.reminder.show,help.reminder.show,0.9850306,0.7933426,True,True,SAME
can I see my reminder list,help.reminder.show,unseen_semantic_stress_test,help.reminder.show,reminders.task.complete,0.93223494,0.6587877,True,False,V3_ONLY
read out my reminders,help.reminder.show,unseen_semantic_stress_test,help.reminder.show,help.reminder.show,0.9649585,0.78676146,True,True,SAME
what tasks have I set reminders for,help.reminder.show,unseen_semantic_stress_test,help.reminder.show,help.reminder.show,0.9866262,0.8025779,True,True,SAME
show my reminder schedule,help.reminder.show,unseen_semantic_stress_test,help.reminder.show,reminders.task.create,0.88675094,0.52146053,True,False,V3_ONLY
which reminders are still pending,help.reminder.show,unseen_semantic_stress_test,help.reminder.show,help.reminder.show,0.9803647,0.7265442,True,True,SAME
open my reminder list,help.reminder.show,unseen_semantic_stress_test,help.reminder.show,reminders.task.complete,0.93659806,0.831535,True,False,V3_ONLY
give me a list of reminders,help.reminder.show,unseen_semantic_stress_test,reminders.task.create,help.reminder.show,0.7000537,0.74797654,False,True,V4_ONLY
what reminders are waiting,help.reminder.show,unseen_semantic_stress_test,help.reminder.show,help.reminder.show,0.98155725,0.83076346,True,True,SAME
see the reminders I have,help.reminder.show,unseen_semantic_stress_test,help.reminder.show,help.reminder.show,0.9737707,0.8190561,True,True,SAME
show all active reminders,help.reminder.show,unseen_semantic_stress_test,help.reminder.show,help.reminder.show,0.97423154,0.8092757,True,True,SAME
what did I set reminders for,help.reminder.show,unseen_semantic_stress_test,help.reminder.show,reminders.task.create,0.97337896,0.7919721,True,False,V3_ONLY
let me check my reminders,help.reminder.show,unseen_semantic_stress_test,help.reminder.show,help.reminder.show,0.96014285,0.66211754,True,True,SAME
display the reminder entries,help.reminder.show,unseen_semantic_stress_test,help.reminder.show,reminders.task.complete,0.95807,0.8429358,True,False,V3_ONLY
which reminder tasks are pending,help.reminder.show,unseen_semantic_stress_test,help.reminder.show,reminders.task.complete,0.9820967,0.84169877,True,False,V3_ONLY
tell me my current reminders,help.reminder.show,unseen_semantic_stress_test,help.reminder.show,help.reminder.show,0.9886206,0.7241658,True,True,SAME
show my scheduled reminders,help.reminder.show,unseen_semantic_stress_test,help.reminder.show,reminders.task.create,0.98793274,0.5720555,True,False,V3_ONLY
what is on my reminder list,help.reminder.show,unseen_semantic_stress_test,help.reminder.show,reminders.task.complete,0.98128617,0.82193065,True,False,V3_ONLY
list the reminders I have,help.reminder.show,unseen_semantic_stress_test,help.reminder.show,help.reminder.show,0.9860524,0.82788676,True,True,SAME
read my active reminders,help.reminder.show,unseen_semantic_stress_test,help.reminder.show,help.reminder.show,0.9870595,0.77602375,True,True,SAME
show me what's in reminders,help.reminder.show,unseen_semantic_stress_test,help.reminder.show,help.reminder.show,0.9920368,0.83983886,True,True,SAME
which reminders haven't been completed,help.reminder.show,unseen_semantic_stress_test,help.reminder.show,help.reminder.show,0.9503747,0.76649797,True,True,SAME
let me view the reminder list,help.reminder.show,unseen_semantic_stress_test,help.reminder.show,reminders.task.create,0.9123028,0.6191616,True,False,V3_ONLY
give me my current reminder status,help.reminder.show,unseen_semantic_stress_test,reminders.task.create,reminders.task.complete,0.9690128,0.7102335,False,False,SAME
show existing reminders,help.reminder.show,unseen_semantic_stress_test,help.reminder.show,help.reminder.show,0.96273583,0.79339993,True,True,SAME
what reminders are currently saved,help.reminder.show,unseen_semantic_stress_test,help.reminder.show,help.reminder.show,0.98571277,0.81782657,True,True,SAME
display my reminders,help.reminder.show,unseen_semantic_stress_test,help.reminder.show,help.reminder.show,0.9805742,0.8364633,True,True,SAME
can you list my reminders,help.reminder.show,unseen_semantic_stress_test,help.reminder.show,help.reminder.show,0.9544333,0.80597967,True,True,SAME
tell me which reminders are active,help.reminder.show,unseen_semantic_stress_test,help.reminder.show,help.reminder.show,0.9916773,0.64347094,True,True,SAME
show my pending reminder tasks,help.reminder.show,unseen_semantic_stress_test,help.reminder.show,reminders.task.complete,0.9631029,0.85357535,True,False,V3_ONLY
let me see saved reminders,help.reminder.show,unseen_semantic_stress_test,help.reminder.show,help.reminder.show,0.9796322,0.8292118,True,True,SAME
what reminder tasks are on file,help.reminder.show,unseen_semantic_stress_test,help.reminder.show,reminders.task.complete,0.9859811,0.830093,True,False,V3_ONLY
show my outstanding reminders,help.reminder.show,unseen_semantic_stress_test,help.reminder.show,help.reminder.show,0.98757195,0.8210292,True,True,SAME
which reminders do I still have,help.reminder.show,unseen_semantic_stress_test,help.reminder.show,help.reminder.show,0.98609203,0.78589,True,True,SAME
read my reminder list,help.reminder.show,unseen_semantic_stress_test,help.reminder.show,reminders.task.complete,0.92194235,0.8438879,True,False,V3_ONLY
view my current reminders,help.reminder.show,unseen_semantic_stress_test,help.reminder.show,help.reminder.show,0.9882734,0.81016093,True,True,SAME
what have I scheduled as reminders,help.reminder.show,unseen_semantic_stress_test,help.reminder.show,help.reminder.show,0.9844126,0.48251536,True,True,SAME
show the reminder items,help.reminder.show,unseen_semantic_stress_test,help.reminder.show,reminders.task.complete,0.856117,0.73653877,True,False,V3_ONLY
list my outstanding reminders,help.reminder.show,unseen_semantic_stress_test,help.reminder.show,help.reminder.show,0.9856983,0.81864125,True,True,SAME
can I see what reminders I set,help.reminder.show,unseen_semantic_stress_test,help.reminder.show,reminders.task.create,0.9867867,0.75397974,True,False,V3_ONLY
display the reminders I haven't finished,help.reminder.show,unseen_semantic_stress_test,help.reminder.show,help.reminder.show,0.96609515,0.8212275,True,True,SAME
tell me about my reminders,help.reminder.show,unseen_semantic_stress_test,help.reminder.show,reminders.task.create,0.9865867,0.6760548,True,False,V3_ONLY
show my active reminder items,help.reminder.show,unseen_semantic_stress_test,help.reminder.show,reminders.task.complete,0.5871503,0.49560377,True,False,V3_ONLY
let me check what reminders remain,help.reminder.show,unseen_semantic_stress_test,help.reminder.show,help.reminder.show,0.9837135,0.7788036,True,True,SAME
list all current reminder tasks,help.reminder.show,unseen_semantic_stress_test,help.reminder.show,reminders.task.complete,0.8622073,0.849203,True,False,V3_ONLY
show my reminder entries,help.reminder.show,unseen_semantic_stress_test,help.reminder.show,reminders.task.complete,0.97272444,0.8102897,True,False,V3_ONLY
set a reminder for my appointment tomorrow,reminders.task.create,unseen_semantic_stress_test,reminders.task.create,reminders.task.create,0.98473686,0.8727079,True,True,SAME
remind me to call the clinic at nine,reminders.task.create,unseen_semantic_stress_test,reminders.task.create,reminders.task.create,0.98001784,0.8654439,True,True,SAME
create a new reminder for later,reminders.task.create,unseen_semantic_stress_test,reminders.task.create,reminders.task.create,0.9875559,0.86619425,True,True,SAME
add a reminder to take my keys,reminders.task.create,unseen_semantic_stress_test,reminders.task.create,reminders.task.create,0.97728205,0.87192506,True,True,SAME
put a reminder on my schedule,reminders.task.create,unseen_semantic_stress_test,reminders.task.create,reminders.task.create,0.984769,0.87297344,True,True,SAME
schedule a reminder for this evening,reminders.task.create,unseen_semantic_stress_test,reminders.task.create,reminders.task.create,0.98589593,0.8764346,True,True,SAME
make a reminder for my meeting,reminders.task.create,unseen_semantic_stress_test,reminders.task.create,reminders.task.create,0.9826963,0.86800414,True,True,SAME
remember to remind me about the meeting,reminders.task.create,unseen_semantic_stress_test,reminders.task.create,reminders.task.create,0.9807835,0.8690308,True,True,SAME
add something to my reminders,reminders.task.create,unseen_semantic_stress_test,reminders.task.create,help.reminder.show,0.9704437,0.7258379,True,False,V3_ONLY
create a reminder for next week,reminders.task.create,unseen_semantic_stress_test,reminders.task.create,reminders.task.create,0.98720634,0.86792564,True,True,SAME
set one up so I don't forget,reminders.task.create,unseen_semantic_stress_test,reminders.task.create,reminders.task.create,0.90526915,0.86892563,True,True,SAME
add a new reminder to my list,reminders.task.create,unseen_semantic_stress_test,reminders.task.create,reminders.task.create,0.9671924,0.85855407,True,True,SAME
schedule a reminder to call John,reminders.task.create,unseen_semantic_stress_test,reminders.task.create,reminders.task.create,0.9735397,0.872988,True,True,SAME
remind me about dinner tonight,reminders.task.create,unseen_semantic_stress_test,reminders.task.create,reminders.task.create,0.9817904,0.86423385,True,True,SAME
make a new reminder,reminders.task.create,unseen_semantic_stress_test,reminders.task.create,reminders.task.create,0.97920954,0.86295664,True,True,SAME
create an entry in my reminders,reminders.task.create,unseen_semantic_stress_test,reminders.task.create,reminders.task.create,0.8891678,0.7899029,True,True,SAME
set something to remind me tomorrow,reminders.task.create,unseen_semantic_stress_test,reminders.task.create,reminders.task.create,0.9860491,0.8600456,True,True,SAME
add a reminder for the weekend,reminders.task.create,unseen_semantic_stress_test,reminders.task.create,reminders.task.create,0.98540753,0.8698886,True,True,SAME
schedule a new reminder,reminders.task.create,unseen_semantic_stress_test,reminders.task.create,reminders.task.create,0.98037624,0.8664221,True,True,SAME
please create a reminder,reminders.task.create,unseen_semantic_stress_test,reminders.task.create,reminders.task.create,0.97840047,0.8645335,True,True,SAME
put this on my reminder list,reminders.task.create,unseen_semantic_stress_test,reminders.task.create,reminders.task.complete,0.7682814,0.8225032,True,False,V3_ONLY
remind me to buy groceries,reminders.task.create,unseen_semantic_stress_test,reminders.task.create,reminders.task.create,0.96677834,0.8768182,True,True,SAME
add an appointment reminder,reminders.task.create,unseen_semantic_stress_test,reminders.task.create,reminders.task.create,0.98074543,0.8751704,True,True,SAME
create a reminder for the morning,reminders.task.create,unseen_semantic_stress_test,reminders.task.create,reminders.task.create,0.9873382,0.87237763,True,True,SAME
set a reminder for later today,reminders.task.create,unseen_semantic_stress_test,reminders.task.create,reminders.task.create,0.9877279,0.8646249,True,True,SAME
make sure I get a reminder about this,reminders.task.create,unseen_semantic_stress_test,reminders.task.create,reminders.task.create,0.9622751,0.8536344,True,True,SAME
add this as a reminder,reminders.task.create,unseen_semantic_stress_test,reminders.task.create,reminders.task.create,0.9786956,0.7161226,True,True,SAME
schedule something in reminders,reminders.task.create,unseen_semantic_stress_test,reminders.task.create,reminders.task.create,0.9540278,0.75158554,True,True,SAME
create a reminder to charge the phone,reminders.task.create,unseen_semantic_stress_test,reminders.task.create,reminders.task.create,0.9822289,0.86679506,True,True,SAME
set a reminder for my medication time,reminders.task.create,unseen_semantic_stress_test,reminders.task.create,reminders.task.create,0.96477383,0.8659044,True,True,SAME
add a new reminder for tomorrow,reminders.task.create,unseen_semantic_stress_test,reminders.task.create,reminders.task.create,0.9820176,0.87371993,True,True,SAME
remind me to send the email,reminders.task.create,unseen_semantic_stress_test,reminders.task.create,reminders.task.create,0.9782558,0.8686834,True,True,SAME
make a reminder for Friday,reminders.task.create,unseen_semantic_stress_test,reminders.task.create,reminders.task.create,0.9891769,0.86746037,True,True,SAME
create a reminder entry,reminders.task.create,unseen_semantic_stress_test,reminders.task.create,reminders.task.create,0.98224914,0.8665383,True,True,SAME
schedule a reminder for my task,reminders.task.create,unseen_semantic_stress_test,reminders.task.create,reminders.task.create,0.9822464,0.7903969,True,True,SAME
set up a reminder for the appointment,reminders.task.create,unseen_semantic_stress_test,reminders.task.create,reminders.task.create,0.986212,0.8721631,True,True,SAME
add this task to reminders,reminders.task.create,unseen_semantic_stress_test,reminders.task.create,help.reminder.show,0.8380056,0.6224682,True,False,V3_ONLY
create a new scheduled reminder,reminders.task.create,unseen_semantic_stress_test,reminders.task.create,reminders.task.create,0.9828567,0.8710732,True,True,SAME
remind me about my call,reminders.task.create,unseen_semantic_stress_test,reminders.task.create,reminders.task.create,0.9701708,0.8671121,True,True,SAME
put a reminder in place,reminders.task.create,unseen_semantic_stress_test,reminders.task.create,reminders.task.create,0.9865406,0.86656785,True,True,SAME
set a reminder so I remember,reminders.task.create,unseen_semantic_stress_test,reminders.task.create,reminders.task.create,0.9838695,0.87105113,True,True,SAME
add another reminder,reminders.task.create,unseen_semantic_stress_test,reminders.task.create,reminders.task.create,0.97763306,0.848969,True,True,SAME
create a reminder for tonight,reminders.task.create,unseen_semantic_stress_test,reminders.task.create,reminders.task.create,0.9853286,0.869413,True,True,SAME
schedule my reminder,reminders.task.create,unseen_semantic_stress_test,reminders.task.create,reminders.task.create,0.9742424,0.72626495,True,True,SAME
make a reminder for the afternoon,reminders.task.create,unseen_semantic_stress_test,reminders.task.create,reminders.task.create,0.9876808,0.87422377,True,True,SAME
remind me to check the oven,reminders.task.create,unseen_semantic_stress_test,reminders.task.create,reminders.task.create,0.96995485,0.8631322,True,True,SAME
add a reminder for an upcoming task,reminders.task.create,unseen_semantic_stress_test,reminders.task.create,reminders.task.create,0.9771969,0.8241075,True,True,SAME
create a reminder about the trip,reminders.task.create,unseen_semantic_stress_test,reminders.task.create,reminders.task.create,0.9776775,0.8714424,True,True,SAME
set one for tomorrow morning,reminders.task.create,unseen_semantic_stress_test,reminders.task.create,reminders.task.create,0.96266943,0.86043316,True,True,SAME
put this into my reminder schedule,reminders.task.create,unseen_semantic_stress_test,reminders.task.create,reminders.task.create,0.9793768,0.79586667,True,True,SAME
make a new reminder entry,reminders.task.create,unseen_semantic_stress_test,reminders.task.create,reminders.task.create,0.9773521,0.86302614,True,True,SAME
add a reminder for next month,reminders.task.create,unseen_semantic_stress_test,reminders.task.create,reminders.task.create,0.989097,0.8701102,True,True,SAME
create a reminder to call home,reminders.task.create,unseen_semantic_stress_test,reminders.task.create,reminders.task.create,0.9779196,0.8643125,True,True,SAME
schedule something as a reminder,reminders.task.create,unseen_semantic_stress_test,reminders.task.create,reminders.task.create,0.9895946,0.8583214,True,True,SAME
set up a new reminder,reminders.task.create,unseen_semantic_stress_test,reminders.task.create,reminders.task.create,0.9847072,0.87118673,True,True,SAME
mark my current reminder as done,reminders.task.complete,unseen_semantic_stress_test,reminders.task.complete,reminders.task.complete,0.9874249,0.84995365,True,True,SAME
finish the reminder I just handled,reminders.task.complete,unseen_semantic_stress_test,reminders.task.complete,reminders.task.complete,0.9267759,0.8339425,True,True,SAME
dismiss the reminder that is completed,reminders.task.complete,unseen_semantic_stress_test,reminders.task.complete,reminders.task.complete,0.9655664,0.79892814,True,True,SAME
check off my latest reminder,reminders.task.complete,unseen_semantic_stress_test,reminders.task.complete,reminders.task.complete,0.98424006,0.8507026,True,True,SAME
clear the reminder I finished,reminders.task.complete,unseen_semantic_stress_test,reminders.task.complete,reminders.task.complete,0.9489386,0.8512444,True,True,SAME
mark that reminder complete,reminders.task.complete,unseen_semantic_stress_test,reminders.task.complete,reminders.task.complete,0.98946065,0.8602129,True,True,SAME
remove the reminder I have already done,reminders.task.complete,unseen_semantic_stress_test,reminders.task.complete,reminders.task.complete,0.8835189,0.843426,True,True,SAME
complete my pending reminder,reminders.task.complete,unseen_semantic_stress_test,reminders.task.complete,reminders.task.complete,0.9905089,0.85495585,True,True,SAME
close out the reminder I finished,reminders.task.complete,unseen_semantic_stress_test,reminders.task.complete,reminders.task.complete,0.96449286,0.8362424,True,True,SAME
mark the task behind the reminder as complete,reminders.task.complete,unseen_semantic_stress_test,reminders.task.complete,reminders.task.complete,0.9892964,0.8640599,True,True,SAME
"I've done it, complete that reminder",reminders.task.complete,unseen_semantic_stress_test,reminders.task.complete,reminders.task.complete,0.97273725,0.857487,True,True,SAME
dismiss my completed reminder,reminders.task.complete,unseen_semantic_stress_test,reminders.task.complete,reminders.task.complete,0.9848969,0.83354145,True,True,SAME
check that reminder off my list,reminders.task.complete,unseen_semantic_stress_test,reminders.task.complete,reminders.task.complete,0.9843663,0.8477785,True,True,SAME
finish the active reminder,reminders.task.complete,unseen_semantic_stress_test,reminders.task.complete,reminders.task.complete,0.975805,0.8492024,True,True,SAME
mark the reminder as completed,reminders.task.complete,unseen_semantic_stress_test,reminders.task.complete,reminders.task.complete,0.9908731,0.84923,True,True,SAME
clear my finished reminder,reminders.task.complete,unseen_semantic_stress_test,reminders.task.complete,reminders.task.complete,0.9824683,0.8482015,True,True,SAME
complete the reminder task,reminders.task.complete,unseen_semantic_stress_test,reminders.task.complete,reminders.task.complete,0.9865079,0.86360997,True,True,SAME
remove the reminder after finishing it,reminders.task.complete,unseen_semantic_stress_test,reminders.task.complete,reminders.task.complete,0.8550431,0.74053544,True,True,SAME
close the reminder I completed,reminders.task.complete,unseen_semantic_stress_test,reminders.task.complete,reminders.task.complete,0.95986295,0.8460618,True,True,SAME
mark my reminder done,reminders.task.complete,unseen_semantic_stress_test,reminders.task.complete,reminders.task.complete,0.9904081,0.8593401,True,True,SAME
"I finished that task, clear its reminder",reminders.task.complete,unseen_semantic_stress_test,reminders.task.complete,reminders.task.complete,0.8893479,0.8571646,True,True,SAME
complete my latest reminder,reminders.task.complete,unseen_semantic_stress_test,reminders.task.complete,reminders.task.complete,0.9844639,0.8594456,True,True,SAME
dismiss the reminder I no longer need,reminders.task.complete,unseen_semantic_stress_test,reminders.task.complete,reminders.task.create,0.87236387,0.6896142,True,False,V3_ONLY
check off the task I was reminded about,reminders.task.complete,unseen_semantic_stress_test,reminders.task.complete,reminders.task.complete,0.7550111,0.8328938,True,True,SAME
mark that reminder as finished,reminders.task.complete,unseen_semantic_stress_test,reminders.task.complete,reminders.task.complete,0.98949665,0.8506686,True,True,SAME
clear the completed reminder,reminders.task.complete,unseen_semantic_stress_test,reminders.task.complete,reminders.task.complete,0.9789185,0.85061556,True,True,SAME
finish the reminder task,reminders.task.complete,unseen_semantic_stress_test,reminders.task.complete,reminders.task.complete,0.9823757,0.86268246,True,True,SAME
complete the active reminder,reminders.task.complete,unseen_semantic_stress_test,reminders.task.complete,reminders.task.complete,0.9866143,0.8567343,True,True,SAME
remove the reminder I just completed,reminders.task.complete,unseen_semantic_stress_test,reminders.task.complete,reminders.task.complete,0.7476939,0.81535596,True,True,SAME
mark this reminder done,reminders.task.complete,unseen_semantic_stress_test,reminders.task.complete,reminders.task.complete,0.9843203,0.85892195,True,True,SAME
dismiss my current reminder,reminders.task.complete,unseen_semantic_stress_test,reminders.task.complete,reminders.task.complete,0.9791982,0.8517113,True,True,SAME
check off my reminder,reminders.task.complete,unseen_semantic_stress_test,reminders.task.complete,reminders.task.complete,0.98573583,0.8399133,True,True,SAME
finish the reminder that's pending,reminders.task.complete,unseen_semantic_stress_test,reminders.task.complete,reminders.task.complete,0.9222943,0.84054583,True,True,SAME
complete that reminder now,reminders.task.complete,unseen_semantic_stress_test,reminders.task.complete,reminders.task.complete,0.97412646,0.85887516,True,True,SAME
clear the reminder I handled,reminders.task.complete,unseen_semantic_stress_test,reminders.task.complete,reminders.task.complete,0.9289629,0.8485892,True,True,SAME
mark my outstanding reminder complete,reminders.task.complete,unseen_semantic_stress_test,reminders.task.complete,reminders.task.complete,0.99156255,0.8545715,True,True,SAME
close my completed reminder,reminders.task.complete,unseen_semantic_stress_test,reminders.task.complete,reminders.task.complete,0.9831889,0.84326696,True,True,SAME
finish my active reminder,reminders.task.complete,unseen_semantic_stress_test,reminders.task.complete,reminders.task.complete,0.9787248,0.8520601,True,True,SAME
complete the reminder I just dealt with,reminders.task.complete,unseen_semantic_stress_test,reminders.task.complete,reminders.task.complete,0.94340456,0.8217809,True,True,SAME
remove my finished reminder,reminders.task.complete,unseen_semantic_stress_test,reminders.task.complete,reminders.task.complete,0.96600723,0.81891507,True,True,SAME
mark the current reminder as completed,reminders.task.complete,unseen_semantic_stress_test,reminders.task.complete,reminders.task.complete,0.9871313,0.8094542,True,True,SAME
dismiss the reminder after completing it,reminders.task.complete,unseen_semantic_stress_test,reminders.task.complete,reminders.task.complete,0.97221667,0.8332927,True,True,SAME
check the reminder off as done,reminders.task.complete,unseen_semantic_stress_test,reminders.task.complete,reminders.task.complete,0.9829385,0.84854436,True,True,SAME
complete my pending reminder task,reminders.task.complete,unseen_semantic_stress_test,reminders.task.complete,reminders.task.complete,0.9886723,0.86167264,True,True,SAME
clear the task reminder I finished,reminders.task.complete,unseen_semantic_stress_test,reminders.task.complete,reminders.task.complete,0.97271436,0.8591063,True,True,SAME
mark that item complete,reminders.task.complete,unseen_semantic_stress_test,reminders.task.complete,reminders.task.complete,0.9837145,0.8081162,True,True,SAME
finish this reminder,reminders.task.complete,unseen_semantic_stress_test,reminders.task.complete,reminders.task.complete,0.9745473,0.85672337,True,True,SAME
remove the completed reminder,reminders.task.complete,unseen_semantic_stress_test,reminders.task.complete,reminders.task.complete,0.9718472,0.8161201,True,True,SAME
complete the current reminder,reminders.task.complete,unseen_semantic_stress_test,reminders.task.complete,reminders.task.complete,0.97990936,0.85632,True,True,SAME
close out this reminder,reminders.task.complete,unseen_semantic_stress_test,reminders.task.complete,reminders.task.complete,0.9766632,0.84871435,True,True,SAME
mark the reminder finished,reminders.task.complete,unseen_semantic_stress_test,reminders.task.complete,reminders.task.complete,0.9889135,0.8517333,True,True,SAME
clear my completed task reminder,reminders.task.complete,unseen_semantic_stress_test,reminders.task.complete,reminders.task.complete,0.98507315,0.8625668,True,True,SAME
check off the current reminder,reminders.task.complete,unseen_semantic_stress_test,reminders.task.complete,reminders.task.complete,0.9857216,0.84483755,True,True,SAME
complete the reminder item,reminders.task.complete,unseen_semantic_stress_test,reminders.task.complete,reminders.task.complete,0.986043,0.8573179,True,True,SAME
send audio from my phone to the hearing aids,streaming.session.start,unseen_semantic_stress_test,streaming.session.start,streaming.session.start,0.9752898,0.8414819,True,True,SAME
start streaming music into my hearing aids,streaming.session.start,unseen_semantic_stress_test,streaming.session.start,streaming.session.start,0.98829275,0.8489575,True,True,SAME
connect the laptop audio to my devices,streaming.session.start,unseen_semantic_stress_test,streaming.session.start,streaming.session.start,0.986973,0.8476017,True,True,SAME
play my tablet sound through the hearing aids,streaming.session.start,unseen_semantic_stress_test,streaming.session.start,streaming.session.start,0.9549779,0.8255076,True,True,SAME
route the phone's audio to my hearing aids,streaming.session.start,unseen_semantic_stress_test,streaming.session.start,streaming.session.start,0.98131967,0.84931594,True,True,SAME
begin streaming from my mobile,streaming.session.start,unseen_semantic_stress_test,streaming.session.start,streaming.session.start,0.97762156,0.8285824,True,True,SAME
let me hear the TV through my hearing aids,streaming.session.start,unseen_semantic_stress_test,streaming.session.start,streaming.session.start,0.97132576,0.84061617,True,True,SAME
start an audio connection with my phone,streaming.session.start,unseen_semantic_stress_test,streaming.session.start,streaming.session.start,0.98050356,0.8480212,True,True,SAME
stream sound from the computer,streaming.session.start,unseen_semantic_stress_test,streaming.session.start,streaming.session.start,0.9833988,0.8106083,True,True,SAME
connect my hearing aids to the television audio,streaming.session.start,unseen_semantic_stress_test,streaming.session.start,streaming.session.start,0.9848599,0.84146875,True,True,SAME
start sending media audio to my devices,streaming.session.start,unseen_semantic_stress_test,streaming.session.start,streaming.session.start,0.9770024,0.8529364,True,True,SAME
play the phone through my hearing aids,streaming.session.start,unseen_semantic_stress_test,streaming.session.start,streaming.session.start,0.9653374,0.8456262,True,True,SAME
begin streaming from the laptop,streaming.session.start,unseen_semantic_stress_test,streaming.session.start,streaming.session.start,0.98405105,0.83364284,True,True,SAME
route music into my hearing aids,streaming.session.start,unseen_semantic_stress_test,streaming.session.start,streaming.session.start,0.92652816,0.83445156,True,True,SAME
connect to my tablet for audio,streaming.session.start,unseen_semantic_stress_test,streaming.session.start,streaming.session.start,0.9828851,0.8469462,True,True,SAME
start the streaming session,streaming.session.start,unseen_semantic_stress_test,streaming.session.start,streaming.session.start,0.98513585,0.84550625,True,True,SAME
send the computer sound to my hearing aids,streaming.session.start,unseen_semantic_stress_test,streaming.session.start,streaming.session.start,0.9304548,0.6685277,True,True,SAME
play TV audio through the devices,streaming.session.start,unseen_semantic_stress_test,streaming.session.start,streaming.session.start,0.9760367,0.84160787,True,True,SAME
start streaming from my smartphone,streaming.session.start,unseen_semantic_stress_test,streaming.session.start,streaming.session.start,0.98157805,0.8462278,True,True,SAME
connect my hearing aids to the media source,streaming.session.start,unseen_semantic_stress_test,streaming.session.start,streaming.session.start,0.9783489,0.79337144,True,True,SAME
begin routing audio from the phone,streaming.session.start,unseen_semantic_stress_test,streaming.session.start,streaming.session.stop,0.93375295,0.6866912,True,False,V3_ONLY
stream the laptop's sound to my devices,streaming.session.start,unseen_semantic_stress_test,streaming.session.start,streaming.session.start,0.9745954,0.8414789,True,True,SAME
let the hearing aids receive TV audio,streaming.session.start,unseen_semantic_stress_test,streaming.session.start,streaming.session.start,0.93071234,0.8478006,True,True,SAME
start a connection for media sound,streaming.session.start,unseen_semantic_stress_test,streaming.session.start,reminders.task.create,0.97868836,0.7920072,True,False,V3_ONLY
send music directly to my hearing aids,streaming.session.start,unseen_semantic_stress_test,streaming.session.start,streaming.session.start,0.9722853,0.8429985,True,True,SAME
begin audio streaming,streaming.session.start,unseen_semantic_stress_test,streaming.session.start,streaming.session.start,0.9878946,0.84201777,True,True,SAME
connect the hearing aids for streaming,streaming.session.start,unseen_semantic_stress_test,streaming.session.start,streaming.session.start,0.9880592,0.84351575,True,True,SAME
route my tablet audio to the devices,streaming.session.start,unseen_semantic_stress_test,streaming.session.start,streaming.session.start,0.9781075,0.8467634,True,True,SAME
start playing phone audio through the hearing aids,streaming.session.start,unseen_semantic_stress_test,streaming.session.start,streaming.session.start,0.97189057,0.8488376,True,True,SAME
stream audio from my computer,streaming.session.start,unseen_semantic_stress_test,streaming.session.start,streaming.session.start,0.9890961,0.8251307,True,True,SAME
connect to the TV audio,streaming.session.start,unseen_semantic_stress_test,streaming.session.start,streaming.session.start,0.98626035,0.82939047,True,True,SAME
begin streaming media to the hearing aids,streaming.session.start,unseen_semantic_stress_test,streaming.session.start,streaming.session.start,0.98515224,0.845123,True,True,SAME
start routing sound from my phone,streaming.session.start,unseen_semantic_stress_test,streaming.session.start,streaming.session.start,0.94824034,0.797184,True,True,SAME
play the computer audio through my devices,streaming.session.start,unseen_semantic_stress_test,streaming.session.start,streaming.session.start,0.97399217,0.8228,True,True,SAME
establish the audio stream,streaming.session.start,unseen_semantic_stress_test,streaming.session.start,streaming.session.start,0.9859642,0.84540004,True,True,SAME
start sending sound to the hearing aids,streaming.session.start,unseen_semantic_stress_test,streaming.session.start,streaming.session.start,0.9694341,0.85007703,True,True,SAME
connect my phone for streaming,streaming.session.start,unseen_semantic_stress_test,streaming.session.start,streaming.session.stop,0.9743853,0.649119,True,False,V3_ONLY
begin the media audio connection,streaming.session.start,unseen_semantic_stress_test,streaming.session.start,streaming.session.stop,0.9854037,0.60240906,True,False,V3_ONLY
stream sound from the television,streaming.session.start,unseen_semantic_stress_test,streaming.session.start,streaming.session.stop,0.98165375,0.72867125,True,False,V3_ONLY
route audio from my laptop,streaming.session.start,unseen_semantic_stress_test,streaming.session.start,streaming.session.start,0.979625,0.8416556,True,True,SAME
start streaming from my tablet,streaming.session.start,unseen_semantic_stress_test,streaming.session.start,streaming.session.start,0.9883952,0.84797263,True,True,SAME
send TV sound into the hearing aids,streaming.session.start,unseen_semantic_stress_test,streaming.session.start,streaming.session.start,0.92743254,0.7466434,True,True,SAME
open the audio stream,streaming.session.start,unseen_semantic_stress_test,streaming.session.start,streaming.session.stop,0.96327454,0.7982335,True,False,V3_ONLY
connect the devices to my phone audio,streaming.session.start,unseen_semantic_stress_test,streaming.session.start,streaming.session.start,0.9705738,0.83519286,True,True,SAME
start streaming the media,streaming.session.start,unseen_semantic_stress_test,streaming.session.start,streaming.session.start,0.9837398,0.8325141,True,True,SAME
begin playing audio through the hearing aids,streaming.session.start,unseen_semantic_stress_test,streaming.session.start,streaming.session.start,0.97477055,0.8506347,True,True,SAME
route music from my smartphone,streaming.session.start,unseen_semantic_stress_test,streaming.session.start,streaming.session.start,0.4881681,0.6440758,True,True,SAME
start the hearing aid streaming connection,streaming.session.start,unseen_semantic_stress_test,streaming.session.start,streaming.session.start,0.9902947,0.842368,True,True,SAME
connect my laptop audio,streaming.session.start,unseen_semantic_stress_test,streaming.session.start,streaming.session.start,0.98167014,0.8459124,True,True,SAME
begin streaming from the TV,streaming.session.start,unseen_semantic_stress_test,streaming.session.start,streaming.session.start,0.9863468,0.78338283,True,True,SAME
send media sound to my hearing aids,streaming.session.start,unseen_semantic_stress_test,streaming.session.start,device.volume.decrease,0.9357126,0.53988975,True,False,V3_ONLY
start an audio stream from the phone,streaming.session.start,unseen_semantic_stress_test,streaming.session.start,streaming.session.start,0.97407985,0.84306884,True,True,SAME
route my computer's sound to the devices,streaming.session.start,unseen_semantic_stress_test,streaming.session.start,streaming.session.start,0.889534,0.83797735,True,True,SAME
connect for audio streaming,streaming.session.start,unseen_semantic_stress_test,streaming.session.start,streaming.session.start,0.98851657,0.8462233,True,True,SAME
stop sending audio to my hearing aids,streaming.session.stop,unseen_semantic_stress_test,streaming.session.stop,streaming.session.stop,0.8701202,0.7077568,True,True,SAME
end the current streaming session,streaming.session.stop,unseen_semantic_stress_test,streaming.session.stop,streaming.session.stop,0.97016597,0.7711419,True,True,SAME
disconnect the phone audio,streaming.session.stop,unseen_semantic_stress_test,streaming.session.stop,streaming.session.stop,0.9703279,0.84556377,True,True,SAME
stop streaming from my laptop,streaming.session.stop,unseen_semantic_stress_test,streaming.session.stop,streaming.session.stop,0.993509,0.85042566,True,True,SAME
end the media connection,streaming.session.stop,unseen_semantic_stress_test,streaming.session.stop,streaming.session.stop,0.9861665,0.658917,True,True,SAME
disconnect my hearing aids from the TV audio,streaming.session.stop,unseen_semantic_stress_test,streaming.session.stop,streaming.session.stop,0.9697054,0.7661105,True,True,SAME
stop the audio stream,streaming.session.stop,unseen_semantic_stress_test,streaming.session.stop,streaming.session.stop,0.99024266,0.82520163,True,True,SAME
turn off the current streaming connection,streaming.session.stop,unseen_semantic_stress_test,streaming.session.stop,streaming.session.stop,0.9876457,0.84938544,True,True,SAME
end streaming now,streaming.session.stop,unseen_semantic_stress_test,streaming.session.stop,streaming.session.stop,0.9589519,0.7339673,True,True,SAME
stop routing sound from the phone,streaming.session.stop,unseen_semantic_stress_test,streaming.session.stop,streaming.session.stop,0.9528637,0.83727133,True,True,SAME
disconnect the tablet audio,streaming.session.stop,unseen_semantic_stress_test,streaming.session.stop,streaming.session.stop,0.9722631,0.8438273,True,True,SAME
finish the current streaming session,streaming.session.stop,unseen_semantic_stress_test,streaming.session.stop,streaming.session.start,0.8938531,0.8134804,True,False,V3_ONLY
stop sending media sound to the devices,streaming.session.stop,unseen_semantic_stress_test,device.volume.mute,device.volume.mute,0.6714528,0.6262665,False,False,SAME
disconnect the laptop from my hearing aids,streaming.session.stop,unseen_semantic_stress_test,streaming.session.stop,streaming.session.stop,0.9670072,0.84705853,True,True,SAME
end the audio stream,streaming.session.stop,unseen_semantic_stress_test,streaming.session.stop,streaming.session.stop,0.9721582,0.8271851,True,True,SAME
stop streaming music,streaming.session.stop,unseen_semantic_stress_test,streaming.session.stop,streaming.session.stop,0.99099004,0.8467158,True,True,SAME
break the current audio connection,streaming.session.stop,unseen_semantic_stress_test,streaming.session.start,streaming.session.stop,0.4594269,0.8170483,False,True,V4_ONLY
disconnect the hearing aids from the phone,streaming.session.stop,unseen_semantic_stress_test,streaming.session.stop,streaming.session.stop,0.96316093,0.84578764,True,True,SAME
stop the TV audio stream,streaming.session.stop,unseen_semantic_stress_test,streaming.session.stop,streaming.session.stop,0.99022305,0.8270148,True,True,SAME
close the streaming session,streaming.session.stop,unseen_semantic_stress_test,streaming.session.stop,streaming.session.stop,0.93403804,0.48633847,True,True,SAME
end the connection carrying audio,streaming.session.stop,unseen_semantic_stress_test,streaming.session.stop,streaming.session.stop,0.96929866,0.8479792,True,True,SAME
stop routing the computer sound,streaming.session.stop,unseen_semantic_stress_test,streaming.session.stop,device.volume.mute,0.82778305,0.74676585,True,False,V3_ONLY
disconnect from the media source,streaming.session.stop,unseen_semantic_stress_test,streaming.session.stop,streaming.session.stop,0.98363227,0.8481971,True,True,SAME
finish streaming,streaming.session.stop,unseen_semantic_stress_test,streaming.session.stop,streaming.session.start,0.9543292,0.81029505,True,False,V3_ONLY
stop the audio coming from my phone,streaming.session.stop,unseen_semantic_stress_test,streaming.session.stop,streaming.session.stop,0.96338814,0.8490877,True,True,SAME
end the current media stream,streaming.session.stop,unseen_semantic_stress_test,streaming.session.stop,streaming.session.stop,0.9816441,0.5845239,True,True,SAME
disconnect the hearing aids from the laptop,streaming.session.stop,unseen_semantic_stress_test,streaming.session.stop,streaming.session.stop,0.9601864,0.8451174,True,True,SAME
stop the streaming connection,streaming.session.stop,unseen_semantic_stress_test,streaming.session.stop,streaming.session.stop,0.99475586,0.8456819,True,True,SAME
turn off audio streaming,streaming.session.stop,unseen_semantic_stress_test,streaming.session.stop,streaming.session.stop,0.9766865,0.824479,True,True,SAME
end the phone audio connection,streaming.session.stop,unseen_semantic_stress_test,streaming.session.stop,streaming.session.stop,0.9717026,0.8370736,True,True,SAME
stop sending TV sound,streaming.session.stop,unseen_semantic_stress_test,streaming.session.stop,device.volume.mute,0.82084185,0.7301215,True,False,V3_ONLY
disconnect the tablet from the hearing aids,streaming.session.stop,unseen_semantic_stress_test,streaming.session.stop,streaming.session.stop,0.9668883,0.8479406,True,True,SAME
close the audio stream,streaming.session.stop,unseen_semantic_stress_test,streaming.session.stop,streaming.session.start,0.96722245,0.83771,True,False,V3_ONLY
finish the streaming session,streaming.session.stop,unseen_semantic_stress_test,streaming.session.stop,streaming.session.start,0.9419722,0.6844638,True,False,V3_ONLY
stop media audio,streaming.session.stop,unseen_semantic_stress_test,streaming.session.stop,device.memory.change,0.9604908,0.5477647,True,False,V3_ONLY
break the streaming link,streaming.session.stop,unseen_semantic_stress_test,streaming.session.start,streaming.session.start,0.9530361,0.79093206,False,False,SAME
disconnect the computer audio,streaming.session.stop,unseen_semantic_stress_test,streaming.session.stop,streaming.session.stop,0.967599,0.8455537,True,True,SAME
stop the current stream,streaming.session.stop,unseen_semantic_stress_test,streaming.session.stop,streaming.session.stop,0.99268335,0.84406596,True,True,SAME
end audio streaming,streaming.session.stop,unseen_semantic_stress_test,streaming.session.stop,streaming.session.stop,0.97692454,0.84046257,True,True,SAME
remove the active streaming connection,streaming.session.stop,unseen_semantic_stress_test,streaming.session.stop,streaming.session.stop,0.9786791,0.6980192,True,True,SAME
stop routing sound to my devices,streaming.session.stop,unseen_semantic_stress_test,device.volume.mute,device.volume.mute,0.6054941,0.7809762,False,False,SAME
disconnect from the TV,streaming.session.stop,unseen_semantic_stress_test,streaming.session.stop,streaming.session.stop,0.9873675,0.8492043,True,True,SAME
finish the current audio connection,streaming.session.stop,unseen_semantic_stress_test,streaming.session.stop,streaming.session.stop,0.9326936,0.82576257,True,True,SAME
stop the phone stream,streaming.session.stop,unseen_semantic_stress_test,streaming.session.stop,streaming.session.stop,0.99219745,0.84170026,True,True,SAME
close the media connection,streaming.session.stop,unseen_semantic_stress_test,streaming.session.stop,streaming.session.stop,0.99131644,0.5602367,True,True,SAME
end streaming from the laptop,streaming.session.stop,unseen_semantic_stress_test,streaming.session.stop,streaming.session.stop,0.99026614,0.8477123,True,True,SAME
disconnect the audio source,streaming.session.stop,unseen_semantic_stress_test,streaming.session.stop,streaming.session.stop,0.9585261,0.8472899,True,True,SAME
stop streaming to the hearing aids,streaming.session.stop,unseen_semantic_stress_test,streaming.session.stop,streaming.session.stop,0.9774645,0.83785176,True,True,SAME
terminate the active audio stream,streaming.session.stop,unseen_semantic_stress_test,streaming.session.stop,streaming.session.stop,0.93981594,0.4807331,True,True,SAME
disconnect my phone audio,streaming.session.stop,unseen_semantic_stress_test,streaming.session.stop,streaming.session.stop,0.97387105,0.84220105,True,True,SAME
end the hearing aid streaming session,streaming.session.stop,unseen_semantic_stress_test,streaming.session.stop,streaming.session.stop,0.92093784,0.83674717,True,True,SAME
stop the media connection,streaming.session.stop,unseen_semantic_stress_test,streaming.session.stop,streaming.session.stop,0.9922117,0.7070992,True,True,SAME
close the current stream,streaming.session.stop,unseen_semantic_stress_test,streaming.session.stop,streaming.session.stop,0.94018114,0.5005611,True,True,SAME
disconnect from the laptop audio,streaming.session.stop,unseen_semantic_stress_test,streaming.session.stop,streaming.session.stop,0.980825,0.8485358,True,True,SAME
finish audio streaming,streaming.session.stop,unseen_semantic_stress_test,streaming.session.stop,streaming.session.start,0.89759225,0.8361676,True,False,V3_ONLY
