text,intent,predicted,confidence,correct
switch my hearing aid to the restaurant program,device.memory.change,device.memory.change,0.9993057063423728,True
put my hearing aids into the phone setting,device.memory.change,device.memory.change,0.860559428291554,True
change the current hearing program to music,device.memory.change,device.memory.change,0.9981284365401761,True
use my outdoor hearing setting,device.memory.change,device.memory.change,0.9971484874365746,True
move to the television listening program,device.memory.change,device.memory.change,0.87756797870455,True
change which hearing aid program is active,device.memory.change,device.memory.change,0.9859588293931315,True
switch from my current hearing mode to the phone mode,device.memory.change,device.memory.change,0.7791649487313138,True
select a different hearing profile,device.memory.change,device.memory.change,0.9955790847893616,True
change the hearing setting I'm using now,device.memory.change,device.memory.change,0.9990565807740275,True
put the devices into the program I use for conversations,device.memory.change,device.memory.change,0.9707819506504204,True
switch the active memory on my hearing aids,device.memory.change,device.memory.change,0.9917326724504673,True
choose another hearing aid environment,device.memory.change,device.volume.increase,0.6489328689483158,False
move my hearing aids to the music profile,device.memory.change,streaming.session.start,0.8528413364923983,False
change the program for my hearing aids,device.memory.change,device.memory.change,0.9964484463775646,True
select the telephone hearing program,device.memory.change,device.memory.change,0.96837143925397,True
switch to my custom hearing setting,device.memory.change,device.memory.change,0.9995571584890645,True
change the active hearing memory,device.memory.change,device.memory.change,0.9992518946566687,True
put my hearing aids in the program for watching TV,device.memory.change,device.memory.change,0.7906315069384721,True
use a different hearing profile right now,device.memory.change,device.memory.change,0.977254601772248,True
switch my devices to another listening mode,device.memory.change,device.memory.change,0.8287457929618592,True
change the memory currently selected,device.memory.change,device.memory.change,0.9985078416315992,True
move to my conversation program,device.memory.change,device.memory.change,0.9711974358522414,True
select the hearing mode for noisy places,device.memory.change,device.memory.change,0.9111963266271732,True
switch the hearing aids to my preferred program,device.memory.change,device.memory.change,0.9888173478867506,True
change the current listening profile,device.memory.change,device.memory.change,0.9989256159191395,True
activate another hearing program,device.memory.change,device.memory.change,0.9939190878508335,True
put the hearing aids on the setting I use outdoors,device.memory.change,device.memory.change,0.986562334696997,True
switch to the program for phone calls,device.memory.change,device.memory.change,0.9993680500629233,True
change which memory my hearing aids are using,device.memory.change,device.memory.change,0.9902138731568315,True
select a different sound program,device.memory.change,device.memory.change,0.9977697744460381,True
move from this hearing program to another one,device.memory.change,device.memory.change,0.9922314590676006,True
change my current device setting,device.memory.change,device.memory.change,0.9998395559742094,True
switch to my TV listening profile,device.memory.change,device.memory.change,0.947171743091716,True
activate the restaurant hearing program,device.memory.change,device.memory.change,0.9993615799007393,True
choose another memory for the hearing aids,device.memory.change,device.memory.change,0.9650214274102987,True
change the listening environment setting,device.memory.change,device.memory.change,0.9993203266045242,True
switch my hearing aids into telephone mode,device.memory.change,device.memory.change,0.9674468674064494,True
select my music hearing profile,device.memory.change,streaming.session.start,0.962943254108814,False
move to a different hearing memory,device.memory.change,device.memory.change,0.9986081330829847,True
change the program that is active,device.memory.change,device.memory.change,0.9995339328600532,True
switch the devices to another acoustic setting,device.memory.change,device.memory.change,0.9963846522455706,True
choose the hearing program I need now,device.memory.change,device.memory.change,0.9917882724518894,True
change from the current memory to my outdoor one,device.memory.change,device.memory.change,0.9993801072276811,True
activate my conversation setting,device.memory.change,device.memory.change,0.8596078393047221,True
switch the current hearing profile,device.memory.change,device.memory.change,0.9957882017637388,True
pick another program for my hearing aids,device.memory.change,device.memory.change,0.9197744719689317,True
change the active memory setting,device.memory.change,device.memory.change,0.9998801824057738,True
put the devices into a different listening program,device.memory.change,device.memory.change,0.9926039073097894,True
switch to another hearing environment,device.memory.change,device.memory.change,0.994297078959462,True
select the phone program on my hearing aids,device.memory.change,device.memory.change,0.4387512409228623,True
change my hearing aids from the current program,device.memory.change,device.memory.change,0.9737059499537991,True
activate a different hearing profile,device.memory.change,device.memory.change,0.9929474437716753,True
switch the listening memory to another option,device.memory.change,device.memory.change,0.9954096254433435,True
make the sound a little softer,device.volume.decrease,device.volume.decrease,0.9915569915203769,True
lower what I'm hearing without silencing it,device.volume.decrease,device.volume.decrease,0.9943079108535814,True
"the hearing aids are too loud, turn them down",device.volume.decrease,device.volume.decrease,0.9816307067093374,True
reduce the audio level slightly,device.volume.decrease,device.volume.decrease,0.9881065852904143,True
I need less volume but I still want to hear,device.volume.decrease,device.volume.decrease,0.9448112226435974,True
make the sound quieter,device.volume.decrease,device.volume.decrease,0.9979360574303701,True
bring the volume down a notch,device.volume.decrease,device.volume.decrease,0.9989629313437275,True
turn the audio down a little,device.volume.decrease,device.volume.decrease,0.9954498121376217,True
reduce how loud the hearing aids are,device.volume.decrease,device.volume.decrease,0.9960750063605625,True
make everything less loud,device.volume.decrease,device.volume.decrease,0.9961771589340795,True
drop the listening level slightly,device.volume.decrease,device.volume.decrease,0.9861721221405512,True
"the sound is too strong, lower it",device.volume.decrease,device.volume.decrease,0.9923347770697545,True
give me a softer volume,device.volume.decrease,device.volume.decrease,0.9892987954274469,True
turn down the hearing level,device.volume.decrease,device.volume.decrease,0.999323895367182,True
reduce the loudness but keep the sound on,device.volume.decrease,device.volume.decrease,0.961826721761726,True
make my hearing aids quieter,device.volume.decrease,device.volume.decrease,0.9915556740358861,True
lower the current volume,device.volume.decrease,device.volume.decrease,0.9986344841284335,True
take the volume down a bit,device.volume.decrease,device.volume.decrease,0.9981905417487124,True
the audio is too loud for me,device.volume.decrease,device.volume.decrease,0.6453139121927833,True
soften the sound coming through the devices,device.volume.decrease,device.volume.decrease,0.9641365777443214,True
reduce the hearing aid volume,device.volume.decrease,device.volume.decrease,0.9955088306749943,True
turn the sound lower,device.volume.decrease,device.volume.decrease,0.9989732358608724,True
make the audio less intense,device.volume.decrease,device.volume.decrease,0.7464295132229107,True
I want the volume reduced,device.volume.decrease,device.volume.decrease,0.5274033681942897,True
bring the sound level down,device.volume.decrease,device.volume.decrease,0.9992281379386373,True
make it quieter while keeping audio available,device.volume.decrease,device.volume.decrease,0.9778105492065721,True
lower the output a little,device.volume.decrease,device.volume.decrease,0.9985057689452345,True
reduce the current listening volume,device.volume.decrease,device.volume.decrease,0.9972694619408197,True
turn the hearing aids down,device.volume.decrease,device.volume.decrease,0.9974428100128143,True
make the audio more comfortable by lowering it,device.volume.decrease,device.volume.increase,0.7427836753358542,False
decrease the sound level,device.volume.decrease,device.volume.decrease,0.998934832739882,True
the hearing aids need to be quieter,device.volume.decrease,device.volume.decrease,0.9580438672349721,True
reduce the volume one step,device.volume.decrease,device.volume.decrease,0.9975287091475468,True
make the listening level lower,device.volume.decrease,device.volume.decrease,0.9975446655034991,True
turn down what I hear,device.volume.decrease,device.volume.decrease,0.9988451056810939,True
lower the device volume slightly,device.volume.decrease,device.volume.decrease,0.9963010310058452,True
the sound is a bit too loud,device.volume.decrease,device.volume.decrease,0.9132176778270548,True
bring the audio level down,device.volume.decrease,device.volume.decrease,0.998487533492208,True
make the hearing output softer,device.volume.decrease,device.volume.decrease,0.9929005662130759,True
reduce how much sound I'm getting,device.volume.decrease,device.volume.decrease,0.9865276811400667,True
turn the volume down without muting,device.volume.decrease,device.volume.decrease,0.9973499769028397,True
give me less sound,device.volume.decrease,device.volume.decrease,0.9869960944810672,True
lower the hearing aid output,device.volume.decrease,device.volume.decrease,0.9972788549073469,True
quiet the audio somewhat,device.volume.decrease,streaming.session.stop,0.9351910529937739,False
reduce the loudness a little,device.volume.decrease,device.volume.decrease,0.9922508701364484,True
turn the sound down but leave it audible,device.volume.decrease,device.volume.decrease,0.9967702952158674,True
make my current volume lower,device.volume.decrease,device.volume.decrease,0.9962876437032282,True
decrease the listening level,device.volume.decrease,device.volume.decrease,0.9987992725928924,True
take the audio down slightly,device.volume.decrease,streaming.session.stop,0.5156055694465618,False
make the hearing aids less loud,device.volume.decrease,device.volume.decrease,0.9910508778677967,True
lower the sound coming from the devices,device.volume.decrease,device.volume.decrease,0.9850202071432609,True
reduce the volume but don't turn it off,device.volume.decrease,device.volume.decrease,0.9591482007484932,True
soften the hearing aid output,device.volume.decrease,device.volume.decrease,0.985284410931911,True
turn it down just a little,device.volume.decrease,device.volume.decrease,0.998516721715318,True
make the hearing aids louder,device.volume.increase,device.volume.increase,0.9956321905827914,True
raise the sound level a little,device.volume.increase,device.volume.increase,0.9977904533976969,True
I need more volume,device.volume.increase,device.volume.increase,0.9875280947093932,True
"the audio is too quiet, increase it",device.volume.increase,device.volume.increase,0.9821723057387713,True
boost what I'm hearing,device.volume.increase,device.volume.increase,0.9959220792526426,True
turn the sound up,device.volume.increase,device.volume.increase,0.9958579632010083,True
make everything louder,device.volume.increase,device.volume.increase,0.9960023623297577,True
give me a stronger listening level,device.volume.increase,device.volume.decrease,0.4984265480734361,False
raise the hearing aid volume,device.volume.increase,device.volume.increase,0.9983595341197095,True
the sound needs to be louder,device.volume.increase,device.volume.increase,0.9972361308508656,True
increase the audio output,device.volume.increase,device.volume.increase,0.993989196443608,True
bring the volume up a notch,device.volume.increase,device.volume.increase,0.9981356114380973,True
make the hearing output stronger,device.volume.increase,device.volume.increase,0.4102482047970415,True
turn up what I hear,device.volume.increase,device.volume.increase,0.9969785434615517,True
add a little more volume,device.volume.increase,device.volume.increase,0.9869236295811178,True
raise the listening level,device.volume.increase,device.volume.increase,0.994997358048969,True
"I can barely hear, make it louder",device.volume.increase,device.volume.increase,0.9916761243100594,True
increase the loudness,device.volume.increase,device.volume.increase,0.9973431573841413,True
boost the audio slightly,device.volume.increase,device.volume.increase,0.982985515759299,True
make the sound more prominent,device.volume.increase,device.volume.increase,0.9927295095220329,True
turn the hearing aids up,device.volume.increase,device.volume.increase,0.9932686106108143,True
give me more sound,device.volume.increase,device.volume.increase,0.9024338764342232,True
raise the current volume,device.volume.increase,device.volume.increase,0.9985631591400759,True
the hearing aids are too quiet,device.volume.increase,device.volume.increase,0.6196409304091675,True
increase what comes through the devices,device.volume.increase,device.volume.increase,0.9984405744514089,True
make the audio louder without changing the program,device.volume.increase,device.volume.increase,0.8968082290527476,True
turn up the output,device.volume.increase,device.volume.increase,0.9724507794645372,True
bring the sound level higher,device.volume.increase,device.volume.increase,0.9604610503983431,True
make my hearing aids louder,device.volume.increase,device.volume.increase,0.9953815877576416,True
raise the audio level,device.volume.increase,device.volume.increase,0.9979263953217488,True
add more sound,device.volume.increase,device.volume.increase,0.7018431060328828,True
increase the hearing volume,device.volume.increase,device.volume.increase,0.9986588456080363,True
make the listening output stronger,device.volume.increase,device.memory.change,0.5018438149830451,False
turn the volume higher,device.volume.increase,device.volume.increase,0.9921744661254361,True
boost what is coming through,device.volume.increase,device.volume.increase,0.9933455669893088,True
raise the sound a little,device.volume.increase,device.volume.increase,0.9987881928823185,True
I want more audio,device.volume.increase,device.volume.increase,0.9673130166771933,True
make the device output louder,device.volume.increase,device.volume.increase,0.9976482239012121,True
increase the listening level,device.volume.increase,device.volume.increase,0.9956547602520458,True
the current volume is too low,device.volume.increase,device.volume.increase,0.9798525578167874,True
turn up the hearing output,device.volume.increase,device.volume.increase,0.988914721524976,True
make the audio less quiet,device.volume.increase,device.volume.decrease,0.9267859047907556,False
raise the device volume,device.volume.increase,device.volume.increase,0.9983535694348084,True
give the sound a boost,device.volume.increase,device.volume.increase,0.9933595490866175,True
increase the volume one step,device.volume.increase,device.volume.increase,0.9964740854325398,True
make what I'm hearing louder,device.volume.increase,device.volume.increase,0.9972700069699285,True
turn the sound up slightly,device.volume.increase,device.volume.increase,0.9955692254458298,True
boost the hearing aid level,device.volume.increase,device.volume.increase,0.9949610002180233,True
raise the loudness,device.volume.increase,device.volume.increase,0.9971087543486903,True
more volume please,device.volume.increase,device.volume.increase,0.9851470116598054,True
increase the current audio level,device.volume.increase,device.volume.increase,0.9983376743617146,True
make the hearing output louder,device.volume.increase,device.volume.increase,0.996021852100417,True
turn it up but keep the same program,device.volume.increase,device.memory.change,0.5736205567831499,False
strengthen the sound coming through,device.volume.increase,streaming.session.start,0.5087480879410976,False
silence my hearing aids completely,device.volume.mute,device.volume.mute,0.9968497001677556,True
stop all sound from the devices,device.volume.mute,device.volume.mute,0.9818893203221755,True
I don't want to hear any audio right now,device.volume.mute,device.volume.mute,0.7972983205835014,True
make the hearing aids completely silent,device.volume.mute,device.volume.mute,0.993510658211613,True
turn the sound off entirely,device.volume.mute,device.volume.mute,0.9960695652439739,True
mute the hearing aids,device.volume.mute,device.volume.mute,0.9889186912884259,True
shut off the audio output,device.volume.mute,streaming.session.stop,0.8405397329778092,False
give me complete silence,device.volume.mute,device.volume.mute,0.5600740572541284,True
stop the sound completely,device.volume.mute,device.volume.mute,0.942690975696108,True
turn off all hearing aid audio,device.volume.mute,device.volume.mute,0.994880460794142,True
I need the devices to be silent,device.volume.mute,device.volume.mute,0.9958538264184427,True
cut the sound off completely,device.volume.mute,device.volume.mute,0.9962352709485859,True
silence everything I'm hearing,device.volume.mute,device.volume.mute,0.9848193632767364,True
make the audio stop,device.volume.mute,streaming.session.stop,0.9631414869661276,False
turn off the hearing output,device.volume.mute,device.volume.mute,0.8940848718424342,True
no sound from my hearing aids,device.volume.mute,device.volume.mute,0.8848603211966333,True
completely silence the devices,device.volume.mute,device.volume.mute,0.9978006236682375,True
stop all audio through the hearing aids,device.volume.mute,device.volume.mute,0.8506719858932296,True
make them quiet with no sound at all,device.volume.mute,device.volume.mute,0.9927792135608217,True
switch the hearing aids to complete silence,device.volume.mute,device.volume.mute,0.8598768566186343,True
I need total silence,device.volume.mute,device.volume.mute,0.9628065582960212,True
mute all audio,device.volume.mute,device.volume.mute,0.9938294903134456,True
stop what is playing through my hearing aids,device.volume.mute,device.volume.mute,0.40916430472320514,True
turn the hearing aid sound completely off,device.volume.mute,device.volume.mute,0.9966177278100187,True
silence the audio output,device.volume.mute,device.volume.mute,0.9483125508834225,True
make there be no sound,device.volume.mute,device.volume.mute,0.9803577679173854,True
shut the hearing aid audio off,device.volume.mute,device.volume.mute,0.959311261141095,True
stop hearing anything through the devices,device.volume.mute,device.volume.mute,0.83626759666293,True
turn off the sound entirely,device.volume.mute,device.volume.mute,0.9965045727838256,True
silence my hearing output,device.volume.mute,device.volume.mute,0.9887957591709791,True
remove all sound from the hearing aids,device.volume.mute,device.volume.mute,0.9984545895935669,True
I want complete silence from the devices,device.volume.mute,device.volume.mute,0.9841968778734819,True
mute the current audio,device.volume.mute,device.volume.mute,0.9777630852155739,True
stop the hearing aid output,device.volume.mute,streaming.session.stop,0.5993710240186769,False
make the devices produce no sound,device.volume.mute,device.volume.mute,0.9969373709887638,True
turn everything audible off,device.volume.mute,device.volume.mute,0.8265597789200694,True
completely mute the hearing aids,device.volume.mute,device.volume.mute,0.9962191596234324,True
stop all sound coming through,device.volume.mute,device.volume.mute,0.9844129032628337,True
silence the current hearing output,device.volume.mute,device.volume.mute,0.974763511953893,True
turn off what I'm hearing,device.volume.mute,device.volume.mute,0.7914220624571883,True
make the hearing aids silent,device.volume.mute,device.volume.mute,0.9577096880498466,True
no audio should come through,device.volume.mute,streaming.session.start,0.8254800565553958,False
shut down the sound output,device.volume.mute,device.volume.decrease,0.9936905034035171,False
mute the current hearing aid audio,device.volume.mute,device.volume.mute,0.9719077656100112,True
stop the audio completely,device.volume.mute,streaming.session.stop,0.9013560604530283,False
give me zero sound,device.volume.mute,device.volume.unmute,0.4094002056877736,False
turn all hearing aid audio off,device.volume.mute,device.volume.mute,0.9957973117859739,True
silence the devices now,device.volume.mute,device.volume.mute,0.9969694671075088,True
make the output completely silent,device.volume.mute,device.volume.mute,0.974199152753074,True
stop all audible output,device.volume.mute,device.volume.mute,0.8564253607818305,True
mute what I'm hearing,device.volume.mute,device.volume.mute,0.9634793302078357,True
turn the hearing sound off,device.volume.mute,device.volume.mute,0.9784949888521106,True
no sound at all please,device.volume.mute,device.volume.mute,0.9766998762663118,True
completely shut off the audio,device.volume.mute,device.volume.mute,0.938057151630447,True
bring the sound back after muting,device.volume.unmute,device.volume.unmute,0.9969243826559236,True
restore audio to my hearing aids,device.volume.unmute,device.volume.unmute,0.8289849917281179,True
let me hear through the devices again,device.volume.unmute,device.volume.unmute,0.9904038161703712,True
turn the sound back on,device.volume.unmute,device.volume.unmute,0.9994196962874413,True
resume audio output,device.volume.unmute,device.volume.unmute,0.8979944421034965,True
unmute the hearing aids,device.volume.unmute,device.volume.unmute,0.998189068668126,True
restore the hearing aid sound,device.volume.unmute,device.volume.unmute,0.9983280586991727,True
I want audio again,device.volume.unmute,device.volume.unmute,0.9948286991945272,True
enable sound on the devices,device.volume.unmute,device.volume.unmute,0.9048624522519941,True
bring back the volume after silence,device.volume.unmute,device.volume.unmute,0.8857707967610068,True
stop muting my hearing aids,device.volume.unmute,streaming.session.stop,0.8402102240546786,False
turn audio back on,device.volume.unmute,device.volume.unmute,0.998763466485798,True
restore what I was hearing,device.volume.unmute,device.volume.unmute,0.9768577910094514,True
let the hearing aids produce sound again,device.volume.unmute,device.volume.unmute,0.9983483452104349,True
resume the sound output,device.volume.unmute,device.volume.unmute,0.9951032302763277,True
remove the mute state,device.volume.unmute,device.volume.unmute,0.9915269914675781,True
make the devices audible again,device.volume.unmute,device.volume.unmute,0.99423545768677,True
switch the hearing aids back to sound,device.volume.unmute,device.volume.unmute,0.9944406534911187,True
turn hearing aid audio on,device.volume.unmute,device.volume.unmute,0.9285583562340047,True
bring the audio back,device.volume.unmute,device.volume.unmute,0.9950537389825757,True
restore sound to the devices,device.volume.unmute,device.volume.unmute,0.9990547753552999,True
"I can hear nothing, enable the audio",device.volume.unmute,streaming.session.start,0.5269982023560332,False
unmute my hearing output,device.volume.unmute,device.volume.unmute,0.9976034884526035,True
start the sound again,device.volume.unmute,device.volume.unmute,0.7860237153252998,True
allow audio through the hearing aids,device.volume.unmute,streaming.session.start,0.9805280929927116,False
restore the previous audio,device.volume.unmute,device.volume.unmute,0.9990500978610766,True
turn the hearing output back on,device.volume.unmute,device.volume.unmute,0.9984607143687455,True
bring sound back to my devices,device.volume.unmute,device.volume.unmute,0.9940570690970155,True
enable the hearing aid speakers,device.volume.unmute,device.volume.unmute,0.42994282539235773,True
resume what was muted,device.volume.unmute,device.volume.unmute,0.7262225537908771,True
make the hearing aids audible,device.volume.unmute,device.volume.increase,0.48759948367919737,False
switch off mute mode,device.volume.unmute,device.memory.change,0.43942638269891804,False
restore audio after muting,device.volume.unmute,device.volume.unmute,0.9978949134190103,True
turn sound back on for the hearing aids,device.volume.unmute,device.volume.unmute,0.9986105475586596,True
let audio come through again,device.volume.unmute,device.volume.unmute,0.9147977891477604,True
enable the device output,device.volume.unmute,device.memory.change,0.4256995682416123,False
return the hearing aids to audible mode,device.volume.unmute,device.volume.unmute,0.977868585591746,True
undo mute,device.volume.unmute,device.volume.unmute,0.9981833018621057,True
restore the sound level,device.volume.unmute,device.volume.unmute,0.9343066735895329,True
start hearing aid audio again,device.volume.unmute,device.volume.unmute,0.8997794189008875,True
bring back the hearing output,device.volume.unmute,device.volume.unmute,0.9863214835328448,True
make the devices produce sound again,device.volume.unmute,device.volume.unmute,0.9981876744839769,True
cancel the mute,device.volume.unmute,device.volume.unmute,0.8305754045243948,True
resume audio through my hearing aids,device.volume.unmute,device.volume.unmute,0.4903882790457638,True
turn on the sound again,device.volume.unmute,device.volume.unmute,0.9990202190965772,True
restore hearing aid audio,device.volume.unmute,device.volume.unmute,0.9960977984278141,True
unmute the current output,device.volume.unmute,device.volume.unmute,0.9915825805114249,True
allow sound to pass through again,device.volume.unmute,device.volume.unmute,0.9055095795382073,True
reactivate audio on the hearing aids,device.volume.unmute,device.volume.unmute,0.9825563794057007,True
bring the sound back,device.volume.unmute,device.volume.unmute,0.9965482513817016,True
turn the audio output on again,device.volume.unmute,device.volume.unmute,0.9982546170290508,True
remove complete silence,device.volume.unmute,reminders.task.complete,0.7738486591851762,False
restore audible output,device.volume.unmute,device.volume.unmute,0.9951262867690209,True
enable sound again,device.volume.unmute,device.volume.unmute,0.9971668210788306,True
where did I leave my phone,find.phone.locate,find.phone.locate,0.9992059528443938,True
help me locate my mobile,find.phone.locate,find.phone.locate,0.9998905349262456,True
find the phone for me,find.phone.locate,find.phone.locate,0.9982184670527995,True
I can't find my smartphone,find.phone.locate,find.phone.locate,0.9999417636431461,True
show me where my phone is,find.phone.locate,find.phone.locate,0.9997708174395897,True
locate my mobile device,find.phone.locate,find.phone.locate,0.9998964758725638,True
track down my phone,find.phone.locate,find.phone.locate,0.9994729389044408,True
where is my handset,find.phone.locate,find.phone.locate,0.9989663934343326,True
help find my phone,find.phone.locate,find.phone.locate,0.9999253551333006,True
tell me where the phone is,find.phone.locate,find.phone.locate,0.9992462492892004,True
I misplaced my mobile,find.phone.locate,find.phone.locate,0.9993586798377166,True
find my smartphone,find.phone.locate,find.phone.locate,0.9999222389810078,True
locate the phone I paired,find.phone.locate,find.phone.locate,0.999889981981318,True
where can I find my phone,find.phone.locate,find.phone.locate,0.9998529720872562,True
my phone is missing,find.phone.locate,find.phone.locate,0.9996616714859159,True
help me find the mobile,find.phone.locate,find.phone.locate,0.99931400022192,True
search for my phone,find.phone.locate,find.phone.locate,0.9998083633010848,True
can you locate my handset,find.phone.locate,find.phone.locate,0.9995781550115658,True
find the device I use as my phone,find.phone.locate,find.phone.locate,0.9997964757601585,True
where did my smartphone go,find.phone.locate,find.phone.locate,0.9997498320482279,True
locate my missing phone,find.phone.locate,find.phone.locate,0.999929830406463,True
help me track my mobile,find.phone.locate,find.phone.locate,0.9946967440383193,True
show the location of my phone,find.phone.locate,find.phone.locate,0.9947105525949217,True
I need to find my phone,find.phone.locate,find.phone.locate,0.9997950572761741,True
where is my mobile right now,find.phone.locate,find.phone.locate,0.9989623347718668,True
find my lost handset,find.phone.locate,find.phone.locate,0.996974234044022,True
can you find my smartphone,find.phone.locate,find.phone.locate,0.9998940229091642,True
locate my phone please,find.phone.locate,find.phone.locate,0.9996337723995616,True
my mobile has disappeared,find.phone.locate,find.phone.locate,0.9304114021086696,True
help me locate the handset,find.phone.locate,find.phone.locate,0.9992614349205942,True
track my phone,find.phone.locate,find.phone.locate,0.9997208606881892,True
where's my mobile device,find.phone.locate,find.phone.locate,0.9993939632634412,True
find the smartphone,find.phone.locate,find.phone.locate,0.9999215472562916,True
I need the location of my phone,find.phone.locate,find.phone.locate,0.9318615252535352,True
help me search for my phone,find.phone.locate,find.phone.locate,0.9998832445618013,True
locate the phone,find.phone.locate,find.phone.locate,0.9999121935615085,True
my phone is somewhere nearby,find.phone.locate,find.phone.locate,0.9998308371037451,True
tell me where my handset is,find.phone.locate,find.phone.locate,0.9963272016421718,True
find my mobile device,find.phone.locate,find.phone.locate,0.9998028733488951,True
where did I put my phone,find.phone.locate,find.phone.locate,0.9997647597907678,True
can you track down my smartphone,find.phone.locate,find.phone.locate,0.999761443478879,True
locate my missing mobile,find.phone.locate,find.phone.locate,0.999872148679834,True
help locate my phone,find.phone.locate,find.phone.locate,0.9999427383924833,True
show where my handset is,find.phone.locate,find.phone.locate,0.9975531089837066,True
find the phone I can't see,find.phone.locate,find.phone.locate,0.9997307713649035,True
my smartphone is lost,find.phone.locate,find.phone.locate,0.9995946606893411,True
look for my phone,find.phone.locate,find.phone.locate,0.9995566103253356,True
where is the mobile I paired,find.phone.locate,find.phone.locate,0.9622917532313275,True
locate my smartphone,find.phone.locate,find.phone.locate,0.9999169837350704,True
help me find the handset,find.phone.locate,find.phone.locate,0.9984604503862944,True
find where my phone is,find.phone.locate,find.phone.locate,0.9999079729287892,True
track down the mobile,find.phone.locate,find.phone.locate,0.9915797908627463,True
can you locate my phone now,find.phone.locate,find.phone.locate,0.999877306794996,True
search for my missing smartphone,find.phone.locate,find.phone.locate,0.9998725362606783,True
show me the reminders I currently have,help.reminder.show,help.reminder.show,0.9812237106160294,True
what reminders are on my list,help.reminder.show,help.reminder.show,0.9669538319555883,True
let me see my reminders,help.reminder.show,help.reminder.show,0.9385631555134935,True
display my pending reminders,help.reminder.show,help.reminder.show,0.8869713581414731,True
which reminders are active,help.reminder.show,help.reminder.show,0.9724107770503144,True
tell me what I have scheduled,help.reminder.show,reminders.task.create,0.5937386564939433,False
show the reminders I've created,help.reminder.show,help.reminder.show,0.9768406574497769,True
what reminders do I have,help.reminder.show,help.reminder.show,0.9644256896838507,True
list my current reminders,help.reminder.show,help.reminder.show,0.9687768348315358,True
can I see my reminder list,help.reminder.show,help.reminder.show,0.8891289237986281,True
read out my reminders,help.reminder.show,help.reminder.show,0.7980566436836767,True
what tasks have I set reminders for,help.reminder.show,help.reminder.show,0.9829308309966953,True
show my reminder schedule,help.reminder.show,reminders.task.create,0.5882357910549666,False
which reminders are still pending,help.reminder.show,help.reminder.show,0.9674331589971045,True
open my reminder list,help.reminder.show,reminders.task.complete,0.6007681687122354,False
give me a list of reminders,help.reminder.show,reminders.task.create,0.9768813681359038,False
what reminders are waiting,help.reminder.show,help.reminder.show,0.9770792112592713,True
see the reminders I have,help.reminder.show,help.reminder.show,0.9100661901601509,True
show all active reminders,help.reminder.show,help.reminder.show,0.9448138785721848,True
what did I set reminders for,help.reminder.show,help.reminder.show,0.8848783168403425,True
let me check my reminders,help.reminder.show,help.reminder.show,0.8897818630610693,True
display the reminder entries,help.reminder.show,help.reminder.show,0.7080268319194272,True
which reminder tasks are pending,help.reminder.show,help.reminder.show,0.9787721304120536,True
tell me my current reminders,help.reminder.show,help.reminder.show,0.9908502889932449,True
show my scheduled reminders,help.reminder.show,help.reminder.show,0.9802843256463843,True
what is on my reminder list,help.reminder.show,help.reminder.show,0.9399691714035685,True
list the reminders I have,help.reminder.show,help.reminder.show,0.9685100470418223,True
read my active reminders,help.reminder.show,help.reminder.show,0.9811247824521725,True
show me what's in reminders,help.reminder.show,help.reminder.show,0.9965773206745935,True
which reminders haven't been completed,help.reminder.show,help.reminder.show,0.9753201397197754,True
let me view the reminder list,help.reminder.show,help.reminder.show,0.777367038276154,True
give me my current reminder status,help.reminder.show,help.reminder.show,0.5799611795771477,True
show existing reminders,help.reminder.show,help.reminder.show,0.8602382187944083,True
what reminders are currently saved,help.reminder.show,help.reminder.show,0.9826705182795461,True
display my reminders,help.reminder.show,help.reminder.show,0.9181676578909075,True
can you list my reminders,help.reminder.show,help.reminder.show,0.8948586238923554,True
tell me which reminders are active,help.reminder.show,help.reminder.show,0.9961744536560476,True
show my pending reminder tasks,help.reminder.show,help.reminder.show,0.925845082023296,True
let me see saved reminders,help.reminder.show,help.reminder.show,0.9706586079957289,True
what reminder tasks are on file,help.reminder.show,help.reminder.show,0.9863558366841733,True
show my outstanding reminders,help.reminder.show,help.reminder.show,0.9895392952092654,True
which reminders do I still have,help.reminder.show,help.reminder.show,0.9792389812714042,True
read my reminder list,help.reminder.show,help.reminder.show,0.5094870247921488,True
view my current reminders,help.reminder.show,help.reminder.show,0.9859342607985955,True
what have I scheduled as reminders,help.reminder.show,help.reminder.show,0.9555064733616431,True
show the reminder items,help.reminder.show,help.reminder.show,0.7477566067623699,True
list my outstanding reminders,help.reminder.show,help.reminder.show,0.9780850763385769,True
can I see what reminders I set,help.reminder.show,help.reminder.show,0.9925015319322081,True
display the reminders I haven't finished,help.reminder.show,help.reminder.show,0.9826743017702313,True
tell me about my reminders,help.reminder.show,help.reminder.show,0.9885215944605106,True
show my active reminder items,help.reminder.show,help.reminder.show,0.583487336256132,True
let me check what reminders remain,help.reminder.show,help.reminder.show,0.9859230939306631,True
list all current reminder tasks,help.reminder.show,help.reminder.show,0.7484754829478397,True
show my reminder entries,help.reminder.show,help.reminder.show,0.9302428397400327,True
set a reminder for my appointment tomorrow,reminders.task.create,reminders.task.create,0.9996810514584349,True
remind me to call the clinic at nine,reminders.task.create,reminders.task.create,0.999528368873197,True
create a new reminder for later,reminders.task.create,reminders.task.create,0.9991084796625402,True
add a reminder to take my keys,reminders.task.create,reminders.task.create,0.9959661145634011,True
put a reminder on my schedule,reminders.task.create,reminders.task.create,0.9987372006426731,True
schedule a reminder for this evening,reminders.task.create,reminders.task.create,0.9997618267535374,True
make a reminder for my meeting,reminders.task.create,reminders.task.create,0.9978904675464954,True
remember to remind me about the meeting,reminders.task.create,reminders.task.create,0.9996321100058089,True
add something to my reminders,reminders.task.create,reminders.task.create,0.945773321758865,True
create a reminder for next week,reminders.task.create,reminders.task.create,0.999450891402212,True
set one up so I don't forget,reminders.task.create,reminders.task.create,0.8633079381355254,True
add a new reminder to my list,reminders.task.create,reminders.task.create,0.9916187173300877,True
schedule a reminder to call John,reminders.task.create,reminders.task.create,0.9985294627970074,True
remind me about dinner tonight,reminders.task.create,reminders.task.create,0.9997399282512374,True
make a new reminder,reminders.task.create,reminders.task.create,0.9958096153437331,True
create an entry in my reminders,reminders.task.create,reminders.task.create,0.9160729115338762,True
set something to remind me tomorrow,reminders.task.create,reminders.task.create,0.9993770570762498,True
add a reminder for the weekend,reminders.task.create,reminders.task.create,0.9994930331958941,True
schedule a new reminder,reminders.task.create,reminders.task.create,0.9980877732274437,True
please create a reminder,reminders.task.create,reminders.task.create,0.9971054563361464,True
put this on my reminder list,reminders.task.create,reminders.task.create,0.9161458668748277,True
remind me to buy groceries,reminders.task.create,reminders.task.create,0.9986252369263354,True
add an appointment reminder,reminders.task.create,reminders.task.create,0.9915203697594349,True
create a reminder for the morning,reminders.task.create,reminders.task.create,0.9992160712164293,True
set a reminder for later today,reminders.task.create,reminders.task.create,0.999777720351827,True
make sure I get a reminder about this,reminders.task.create,reminders.task.create,0.9932780699948665,True
add this as a reminder,reminders.task.create,reminders.task.create,0.9985567861523728,True
schedule something in reminders,reminders.task.create,reminders.task.create,0.9895258780419983,True
create a reminder to charge the phone,reminders.task.create,reminders.task.create,0.9990119854714767,True
set a reminder for my medication time,reminders.task.create,reminders.task.create,0.9885967815229323,True
add a new reminder for tomorrow,reminders.task.create,reminders.task.create,0.999602713105609,True
remind me to send the email,reminders.task.create,reminders.task.create,0.9992724854640229,True
make a reminder for Friday,reminders.task.create,reminders.task.create,0.9996528671317877,True
create a reminder entry,reminders.task.create,reminders.task.create,0.9971716514016292,True
schedule a reminder for my task,reminders.task.create,reminders.task.create,0.9969973906130484,True
set up a reminder for the appointment,reminders.task.create,reminders.task.create,0.9984867969587966,True
add this task to reminders,reminders.task.create,reminders.task.create,0.8707237096446788,True
create a new scheduled reminder,reminders.task.create,reminders.task.create,0.9933578915393192,True
remind me about my call,reminders.task.create,reminders.task.create,0.9989476528444217,True
put a reminder in place,reminders.task.create,reminders.task.create,0.9983876626263024,True
set a reminder so I remember,reminders.task.create,reminders.task.create,0.996418791077554,True
add another reminder,reminders.task.create,reminders.task.create,0.9884922631947335,True
create a reminder for tonight,reminders.task.create,reminders.task.create,0.9995424653426224,True
schedule my reminder,reminders.task.create,reminders.task.create,0.9927871653017771,True
make a reminder for the afternoon,reminders.task.create,reminders.task.create,0.9996711292589758,True
remind me to check the oven,reminders.task.create,reminders.task.create,0.9991202779462768,True
add a reminder for an upcoming task,reminders.task.create,reminders.task.create,0.989186096008616,True
create a reminder about the trip,reminders.task.create,reminders.task.create,0.9966000800598347,True
set one for tomorrow morning,reminders.task.create,reminders.task.create,0.9839001976401703,True
put this into my reminder schedule,reminders.task.create,reminders.task.create,0.9987864056792296,True
make a new reminder entry,reminders.task.create,reminders.task.create,0.9971333373890006,True
add a reminder for next month,reminders.task.create,reminders.task.create,0.9995704163497353,True
create a reminder to call home,reminders.task.create,reminders.task.create,0.9945526505839201,True
schedule something as a reminder,reminders.task.create,reminders.task.create,0.9982045282609057,True
set up a new reminder,reminders.task.create,reminders.task.create,0.9987142540237884,True
mark my current reminder as done,reminders.task.complete,reminders.task.complete,0.9961393435912012,True
finish the reminder I just handled,reminders.task.complete,reminders.task.complete,0.990765969472022,True
dismiss the reminder that is completed,reminders.task.complete,reminders.task.complete,0.9879111345269415,True
check off my latest reminder,reminders.task.complete,reminders.task.complete,0.9965115904178509,True
clear the reminder I finished,reminders.task.complete,reminders.task.complete,0.9942729623744068,True
mark that reminder complete,reminders.task.complete,reminders.task.complete,0.99935419568362,True
remove the reminder I have already done,reminders.task.complete,reminders.task.complete,0.966260402349159,True
complete my pending reminder,reminders.task.complete,reminders.task.complete,0.9986725695307646,True
close out the reminder I finished,reminders.task.complete,reminders.task.complete,0.9987563560766513,True
mark the task behind the reminder as complete,reminders.task.complete,reminders.task.complete,0.9992352574320421,True
"I've done it, complete that reminder",reminders.task.complete,reminders.task.complete,0.9990918445472268,True
dismiss my completed reminder,reminders.task.complete,reminders.task.complete,0.9977933977538351,True
check that reminder off my list,reminders.task.complete,reminders.task.complete,0.991640741107759,True
finish the active reminder,reminders.task.complete,reminders.task.complete,0.9952194709899103,True
mark the reminder as completed,reminders.task.complete,reminders.task.complete,0.9952982045885033,True
clear my finished reminder,reminders.task.complete,reminders.task.complete,0.9988005017027246,True
complete the reminder task,reminders.task.complete,reminders.task.complete,0.9985775200672645,True
remove the reminder after finishing it,reminders.task.complete,reminders.task.complete,0.9662411384235237,True
close the reminder I completed,reminders.task.complete,reminders.task.complete,0.9835497998284878,True
mark my reminder done,reminders.task.complete,reminders.task.complete,0.9987822956838222,True
"I finished that task, clear its reminder",reminders.task.complete,reminders.task.complete,0.9980449428416522,True
complete my latest reminder,reminders.task.complete,reminders.task.complete,0.9988720341099201,True
dismiss the reminder I no longer need,reminders.task.complete,reminders.task.complete,0.9497214442692348,True
check off the task I was reminded about,reminders.task.complete,reminders.task.complete,0.9694599068031915,True
mark that reminder as finished,reminders.task.complete,reminders.task.complete,0.9988568146343428,True
clear the completed reminder,reminders.task.complete,reminders.task.complete,0.9899604033559768,True
finish the reminder task,reminders.task.complete,reminders.task.complete,0.9978509924954918,True
complete the active reminder,reminders.task.complete,reminders.task.complete,0.9967834132231205,True
remove the reminder I just completed,reminders.task.complete,reminders.task.complete,0.8079138824416101,True
mark this reminder done,reminders.task.complete,reminders.task.complete,0.9964217946603627,True
dismiss my current reminder,reminders.task.complete,reminders.task.complete,0.9927380696848774,True
check off my reminder,reminders.task.complete,reminders.task.complete,0.9971286611054244,True
finish the reminder that's pending,reminders.task.complete,reminders.task.complete,0.9851653981331033,True
complete that reminder now,reminders.task.complete,reminders.task.complete,0.9934225355274716,True
clear the reminder I handled,reminders.task.complete,reminders.task.complete,0.9613818420519246,True
mark my outstanding reminder complete,reminders.task.complete,reminders.task.complete,0.9993584375661837,True
close my completed reminder,reminders.task.complete,reminders.task.complete,0.9981052462143866,True
finish my active reminder,reminders.task.complete,reminders.task.complete,0.9987139438264443,True
complete the reminder I just dealt with,reminders.task.complete,reminders.task.complete,0.9939710939154702,True
remove my finished reminder,reminders.task.complete,reminders.task.complete,0.9986601120225946,True
mark the current reminder as completed,reminders.task.complete,reminders.task.complete,0.9724408567886822,True
dismiss the reminder after completing it,reminders.task.complete,reminders.task.complete,0.992282725040734,True
check the reminder off as done,reminders.task.complete,reminders.task.complete,0.9929630153862414,True
complete my pending reminder task,reminders.task.complete,reminders.task.complete,0.9983625940643468,True
clear the task reminder I finished,reminders.task.complete,reminders.task.complete,0.9932600962889481,True
mark that item complete,reminders.task.complete,reminders.task.complete,0.9995822894634914,True
finish this reminder,reminders.task.complete,reminders.task.complete,0.9970016613082616,True
remove the completed reminder,reminders.task.complete,reminders.task.complete,0.9847984816358069,True
complete the current reminder,reminders.task.complete,reminders.task.complete,0.9948700749238775,True
close out this reminder,reminders.task.complete,reminders.task.complete,0.9969579361452651,True
mark the reminder finished,reminders.task.complete,reminders.task.complete,0.9993996042341732,True
clear my completed task reminder,reminders.task.complete,reminders.task.complete,0.9970022327285553,True
check off the current reminder,reminders.task.complete,reminders.task.complete,0.9947232146165478,True
complete the reminder item,reminders.task.complete,reminders.task.complete,0.991640911238422,True
send audio from my phone to the hearing aids,streaming.session.start,streaming.session.start,0.9986396069893356,True
start streaming music into my hearing aids,streaming.session.start,streaming.session.start,0.9989408981162653,True
connect the laptop audio to my devices,streaming.session.start,streaming.session.start,0.9982787961430627,True
play my tablet sound through the hearing aids,streaming.session.start,streaming.session.start,0.9815726735936156,True
route the phone's audio to my hearing aids,streaming.session.start,streaming.session.start,0.9915594899999909,True
begin streaming from my mobile,streaming.session.start,streaming.session.start,0.9955165971903741,True
let me hear the TV through my hearing aids,streaming.session.start,streaming.session.start,0.9938872738792686,True
start an audio connection with my phone,streaming.session.start,streaming.session.start,0.9966784789062774,True
stream sound from the computer,streaming.session.start,streaming.session.start,0.9976614269392098,True
connect my hearing aids to the television audio,streaming.session.start,streaming.session.start,0.9988174725877913,True
start sending media audio to my devices,streaming.session.start,streaming.session.start,0.9981725298383406,True
play the phone through my hearing aids,streaming.session.start,streaming.session.start,0.9942784655881227,True
begin streaming from the laptop,streaming.session.start,streaming.session.start,0.9897069549445894,True
route music into my hearing aids,streaming.session.start,streaming.session.start,0.9749819026780205,True
connect to my tablet for audio,streaming.session.start,streaming.session.start,0.9970709077266462,True
start the streaming session,streaming.session.start,streaming.session.start,0.9970434601252435,True
send the computer sound to my hearing aids,streaming.session.start,streaming.session.start,0.9654339502167345,True
play TV audio through the devices,streaming.session.start,streaming.session.start,0.9975461640853863,True
start streaming from my smartphone,streaming.session.start,streaming.session.start,0.9976493990839387,True
connect my hearing aids to the media source,streaming.session.start,streaming.session.start,0.9982978376448989,True
begin routing audio from the phone,streaming.session.start,streaming.session.start,0.9950956744660246,True
stream the laptop's sound to my devices,streaming.session.start,streaming.session.start,0.9972812718487755,True
let the hearing aids receive TV audio,streaming.session.start,streaming.session.start,0.9910649621179447,True
start a connection for media sound,streaming.session.start,streaming.session.start,0.9971416200111602,True
send music directly to my hearing aids,streaming.session.start,streaming.session.start,0.9823555876271945,True
begin audio streaming,streaming.session.start,streaming.session.start,0.9981480639971404,True
connect the hearing aids for streaming,streaming.session.start,streaming.session.start,0.9984640638292132,True
route my tablet audio to the devices,streaming.session.start,streaming.session.start,0.9926494798050982,True
start playing phone audio through the hearing aids,streaming.session.start,streaming.session.start,0.9973722781860199,True
stream audio from my computer,streaming.session.start,streaming.session.start,0.9969304631441801,True
connect to the TV audio,streaming.session.start,streaming.session.start,0.9980530830360157,True
begin streaming media to the hearing aids,streaming.session.start,streaming.session.start,0.9982408786673256,True
start routing sound from my phone,streaming.session.start,streaming.session.start,0.9964858479165092,True
play the computer audio through my devices,streaming.session.start,streaming.session.start,0.9980160486089759,True
establish the audio stream,streaming.session.start,streaming.session.stop,0.968975578848923,False
start sending sound to the hearing aids,streaming.session.start,streaming.session.start,0.989304290419231,True
connect my phone for streaming,streaming.session.start,streaming.session.start,0.996155983709703,True
begin the media audio connection,streaming.session.start,streaming.session.start,0.9965492645302588,True
stream sound from the television,streaming.session.start,streaming.session.start,0.9976918463898415,True
route audio from my laptop,streaming.session.start,streaming.session.start,0.993288099788001,True
start streaming from my tablet,streaming.session.start,streaming.session.start,0.997890887709126,True
send TV sound into the hearing aids,streaming.session.start,streaming.session.start,0.9242865844324433,True
open the audio stream,streaming.session.start,streaming.session.start,0.9953302559658076,True
connect the devices to my phone audio,streaming.session.start,streaming.session.start,0.9951302631068145,True
start streaming the media,streaming.session.start,streaming.session.start,0.9974244350140946,True
begin playing audio through the hearing aids,streaming.session.start,streaming.session.start,0.9949773349367712,True
route music from my smartphone,streaming.session.start,streaming.session.start,0.7709298869052106,True
start the hearing aid streaming connection,streaming.session.start,streaming.session.start,0.9987071515785982,True
connect my laptop audio,streaming.session.start,streaming.session.start,0.9973319271839043,True
begin streaming from the TV,streaming.session.start,streaming.session.start,0.995463888472243,True
send media sound to my hearing aids,streaming.session.start,streaming.session.start,0.9703278579264943,True
start an audio stream from the phone,streaming.session.start,streaming.session.start,0.9985565615060843,True
route my computer's sound to the devices,streaming.session.start,streaming.session.start,0.938921028494737,True
connect for audio streaming,streaming.session.start,streaming.session.start,0.9970738680087408,True
stop sending audio to my hearing aids,streaming.session.stop,streaming.session.stop,0.942055339913555,True
end the current streaming session,streaming.session.stop,streaming.session.stop,0.9987448949441982,True
disconnect the phone audio,streaming.session.stop,streaming.session.stop,0.9991621260465633,True
stop streaming from my laptop,streaming.session.stop,streaming.session.stop,0.9998210919054455,True
end the media connection,streaming.session.stop,streaming.session.stop,0.9997498365205585,True
disconnect my hearing aids from the TV audio,streaming.session.stop,streaming.session.stop,0.9964447584284388,True
stop the audio stream,streaming.session.stop,streaming.session.stop,0.9997034440335436,True
turn off the current streaming connection,streaming.session.stop,streaming.session.stop,0.9994135037767172,True
end streaming now,streaming.session.stop,streaming.session.stop,0.997883959881941,True
stop routing sound from the phone,streaming.session.stop,streaming.session.stop,0.993090670575341,True
disconnect the tablet audio,streaming.session.stop,streaming.session.stop,0.9993773274040605,True
finish the current streaming session,streaming.session.stop,streaming.session.stop,0.9891486431823182,True
stop sending media sound to the devices,streaming.session.stop,device.volume.mute,0.7554445823312961,False
disconnect the laptop from my hearing aids,streaming.session.stop,streaming.session.stop,0.9942250346174677,True
end the audio stream,streaming.session.stop,streaming.session.stop,0.9995508199998043,True
stop streaming music,streaming.session.stop,streaming.session.stop,0.9995146290729678,True
break the current audio connection,streaming.session.stop,streaming.session.start,0.697886425413541,False
disconnect the hearing aids from the phone,streaming.session.stop,streaming.session.stop,0.9948718199639416,True
stop the TV audio stream,streaming.session.stop,streaming.session.stop,0.9992694485900391,True
close the streaming session,streaming.session.stop,streaming.session.stop,0.9968791522301809,True
end the connection carrying audio,streaming.session.stop,streaming.session.stop,0.9996090072820581,True
stop routing the computer sound,streaming.session.stop,streaming.session.stop,0.9523587094632742,True
disconnect from the media source,streaming.session.stop,streaming.session.stop,0.9996453301829343,True
finish streaming,streaming.session.stop,streaming.session.stop,0.9957765517370698,True
stop the audio coming from my phone,streaming.session.stop,streaming.session.stop,0.9986503329570419,True
end the current media stream,streaming.session.stop,streaming.session.stop,0.9993464715712127,True
disconnect the hearing aids from the laptop,streaming.session.stop,streaming.session.stop,0.9904389503128425,True
stop the streaming connection,streaming.session.stop,streaming.session.stop,0.9997940995941434,True
turn off audio streaming,streaming.session.stop,streaming.session.stop,0.9987404179199367,True
end the phone audio connection,streaming.session.stop,streaming.session.stop,0.9996706438926755,True
stop sending TV sound,streaming.session.stop,streaming.session.stop,0.9653407094525984,True
disconnect the tablet from the hearing aids,streaming.session.stop,streaming.session.stop,0.9966319421498824,True
close the audio stream,streaming.session.stop,streaming.session.stop,0.9971818031800282,True
finish the streaming session,streaming.session.stop,streaming.session.stop,0.9965990087817531,True
stop media audio,streaming.session.stop,streaming.session.stop,0.9971733646529051,True
break the streaming link,streaming.session.stop,streaming.session.start,0.9515658211493103,False
disconnect the computer audio,streaming.session.stop,streaming.session.stop,0.9992182174882028,True
stop the current stream,streaming.session.stop,streaming.session.stop,0.99975007961499,True
end audio streaming,streaming.session.stop,streaming.session.stop,0.9985921297015359,True
remove the active streaming connection,streaming.session.stop,streaming.session.stop,0.9989041461113788,True
stop routing sound to my devices,streaming.session.stop,device.volume.mute,0.6499090747699893,False
disconnect from the TV,streaming.session.stop,streaming.session.stop,0.9997561694707031,True
finish the current audio connection,streaming.session.stop,streaming.session.stop,0.9900146687424191,True
stop the phone stream,streaming.session.stop,streaming.session.stop,0.9998442578361266,True
close the media connection,streaming.session.stop,streaming.session.stop,0.9994214131847635,True
end streaming from the laptop,streaming.session.stop,streaming.session.stop,0.9998189393774273,True
disconnect the audio source,streaming.session.stop,streaming.session.stop,0.9987735436006506,True
stop streaming to the hearing aids,streaming.session.stop,streaming.session.stop,0.9938102601900574,True
terminate the active audio stream,streaming.session.stop,streaming.session.stop,0.987264477538276,True
disconnect my phone audio,streaming.session.stop,streaming.session.stop,0.9992344526588379,True
end the hearing aid streaming session,streaming.session.stop,streaming.session.stop,0.9980328310166889,True
stop the media connection,streaming.session.stop,streaming.session.stop,0.9997224723281266,True
close the current stream,streaming.session.stop,streaming.session.stop,0.9923885693975389,True
disconnect from the laptop audio,streaming.session.stop,streaming.session.stop,0.9991589156235883,True
finish audio streaming,streaming.session.stop,streaming.session.stop,0.9670373048117907,True
